"","affected_Cor","affected_Pvalue","affected_Pvalue_FDR_Pvalue","anti_integrin_Cor","anti_integrin_Pvalue","anti_integrin_Pvalue_FDR_Pvalue","anti_TNF_Cor","anti_TNF_Pvalue","anti_TNF_Pvalue_FDR_Pvalue","Combined_Cor","Combined_Pvalue","Combined_Pvalue_FDR_Pvalue","corticosteroids_Cor","corticosteroids_Pvalue","corticosteroids_Pvalue_FDR_Pvalue","Disease.CD_Cor","Disease.CD_Pvalue","Disease.CD_Pvalue_FDR_Pvalue","disease_complication_Cor","disease_complication_Pvalue","disease_complication_Pvalue_FDR_Pvalue","Disease.CRC_Cor","Disease.CRC_Pvalue","Disease.CRC_Pvalue_FDR_Pvalue","disease_duration_Cor","disease_duration_Pvalue","disease_duration_Pvalue_FDR_Pvalue","Disease.UC_Cor","Disease.UC_Pvalue","Disease.UC_Pvalue_FDR_Pvalue","gender_Cor","gender_Pvalue","gender_Pvalue_FDR_Pvalue","immunosuppression_Cor","immunosuppression_Pvalue","immunosuppression_Pvalue_FDR_Pvalue","NANCYscore_Cor","NANCYscore_Pvalue","NANCYscore_Pvalue_FDR_Pvalue","NSAIDs_Cor","NSAIDs_Pvalue","NSAIDs_Pvalue_FDR_Pvalue","patient_age_Cor","patient_age_Pvalue","patient_age_Pvalue_FDR_Pvalue","sample_age_Cor","sample_age_Pvalue","sample_age_Pvalue_FDR_Pvalue","site_Cor","site_Pvalue","site_Pvalue_FDR_Pvalue"
"M1",0.528169467923523,3.40248968480978e-07,7.57933909099005e-06,0.210295358902281,0.0579156988360134,0.147879610466659,-0.0775293088700458,0.488734557955893,0.653669822856122,0.452253944181106,1.99478786568622e-05,0.000230113028791661,0.00167348873288138,0.98809484918343,0.989626779182164,0.139514092937409,0.211269266342499,0.373917660430833,0.233257898626269,0.03494463122854,0.108296150943426,-0.463513561791618,1.15769310145026e-05,0.000141107498780541,0.29426881864574,0.00728551132572693,0.0338592828519396,0.424961312313173,6.90668665906757e-05,0.000708209457421849,0.15023632612063,0.177908525488238,0.334095661236633,-0.0590346672608807,0.598308431512427,0.73480465162933,0.416612845812743,9.8913117989923e-05,0.0009845119416946,0.291740350481782,0.00782838129926879,0.0353645756596338,-0.277751705798222,0.0115219007869475,0.0474085854036183,0.127895722402658,0.252178069658154,0.420948405682604,0.00210746728227245,0.985007858029186,0.988066888644183
"M10",0.293300789571967,0.00748930482499467,0.0343127015386281,0.0967606651480129,0.38715664340472,0.562029644133594,-0.0539105555681819,0.6304906348539,0.754714230220815,0.331013481191522,0.00238501457455517,0.014535088822289,-0.00960295585692708,0.931764174833954,0.962359335114453,0.152350092790066,0.171813280209953,0.32825322599081,0.112985721897024,0.312177780196099,0.483911925550998,-0.320173794643355,0.00336355723678633,0.0188944171735997,0.322424507732696,0.00313499092459661,0.0180821797972269,0.247726178726114,0.0248377149923219,0.0848950470107932,0.191378113394847,0.0850049937713492,0.197529589842775,-0.149667943553637,0.179574129147296,0.33430803293704,0.22754626735526,0.0397882874343976,0.115189626616054,0.253908090065378,0.0213465417190187,0.0774711570252028,-0.172444090706391,0.121332359189626,0.259207833379462,-0.00941677970745046,0.933084011110012,0.962359335114453,0.154096458583523,0.166894279147686,0.320248029119071
"M11",0.210919315143465,0.05715914017533,0.147110775112602,-0.226346004729503,0.0408741772351351,0.117354304417321,-0.0780078200036217,0.486047532901437,0.6515504484708,0.369925827827162,0.000624851993096166,0.00504567984425154,0.172880210705395,0.120379320506963,0.259207833379462,0.342991253216984,0.00160766114828466,0.0107066917710504,-0.324884001731172,0.00290119414477717,0.0173534390511671,-0.354667689020838,0.00107806850240975,0.00791400286996251,0.189663414247232,0.0878896142766167,0.2013357830592,0.0591622907162196,0.59751629782372,0.73480465162933,0.0454117551936254,0.685391504389807,0.799156124168433,0.0186353389987199,0.868020070506647,0.926859232729224,0.289784842038021,0.00827230182565855,0.0366021025984618,-0.282709268922631,0.0100685006468118,0.0430745127009301,-0.260833025523134,0.0179421118173766,0.0673872339187517,-0.0538609432258991,0.630805747021685,0.754714230220815,0.523249538125915,4.5680738761574e-07,9.22179913749274e-06
"M12",0.296044834844976,0.00692428054375931,0.0326502571625439,0.218754093756519,0.0483276167208599,0.131295479079006,0.0875630112897597,0.434068736791606,0.605633701873385,0.303679724407519,0.0055449426751866,0.0273437631158057,0.00544539605964418,0.961275126733963,0.979387637188277,0.1936603458976,0.0812827217613172,0.191637365904419,0.111744408557972,0.317557958303647,0.487445708580372,-0.312208082279344,0.00429678744256495,0.0225668673812761,0.251857116425413,0.0224551662490996,0.0779894483705286,0.159354073674274,0.152712642743584,0.306373811218495,-0.00594871816755109,0.957698910005048,0.979387637188277,0.152016515038026,0.172764855784637,0.32825322599081,0.383440651088852,0.000376781912342261,0.00333426185442604,0.102807004104171,0.358041458340009,0.530205985328006,-0.252224120157853,0.0222532551915376,0.0779894483705286,-0.0364282473781994,0.745245016528914,0.852085452526864,0.0194622956508287,0.862219606737384,0.92585068224953
"M13",0.259527195786257,0.0185457997010061,0.0684604948962854,-0.0133668189113798,0.905125802195323,0.946612479247121,-0.138471190997079,0.214736280757612,0.377982663131928,0.232187808505883,0.0358124812998992,0.110087731373086,0.210625245615436,0.05751469409062,0.147438461835478,0.205406413585615,0.0641303832398471,0.160574525476516,-0.0751235787330416,0.502361819236165,0.656934686693447,-0.224765185333551,0.0423418487849703,0.12103024033226,0.0780733681637872,0.485680066130827,0.6515504484708,0.0495796101126132,0.658241572289685,0.779885322645938,0.163497948683566,0.142184669741237,0.290293058524866,0.103637084963263,0.354152668305941,0.525937066035949,0.349473482423862,0.00129021034797592,0.00896210628809079,-0.00417773275598578,0.970285389314807,0.98360818209067,-0.193939606794191,0.0808363067388152,0.191282982246427,-0.0437358353561273,0.696424476690988,0.808487550917666,0.0253366545932757,0.821242504524045,0.903786470055422
"M14",0.317453295511229,0.00365962530332754,0.019867580375001,-0.0308003995353357,0.783552223791143,0.875734838354806,0.0315682360630293,0.778293058160734,0.872877283978879,0.33196135649153,0.00231301822109656,0.0142305692459845,0.159870799332864,0.151368965079853,0.305576098254953,0.238948240407192,0.030620254365031,0.0999024460596466,-0.0571504719930243,0.610057236831673,0.743579198100493,-0.31691118326487,0.00372132697426489,0.019867580375001,0.0891637002604886,0.425680607488316,0.599701715726882,0.139849862159317,0.210161535511655,0.373917660430833,0.0132268727605898,0.906114569130446,0.946612479247121,0.141480290544438,0.204841244775553,0.369525587129339,0.409379818895053,0.000134007796753006,0.00127307406915355,-0.166327510844041,0.135316434622288,0.281075295067518,-0.177068755353483,0.11151666923139,0.244480623728624,0.347097578878358,0.00139929735681545,0.00951522202634509,0.167246714676155,0.133140240300621,0.278536785130225
"M15",0.265573109229914,0.0158905206208542,0.0611028352444749,-0.0926614298205525,0.407677970296033,0.581368584572268,-0.089917065583336,0.421765082607548,0.598813721680167,0.238256330591306,0.0311207201280925,0.101025051270089,0.197515502445446,0.0752909119915823,0.180140478320601,0.229091840395738,0.0384254676486836,0.112831145913862,-0.0769278332969901,0.492123184812404,0.654405828483354,-0.236673448605443,0.0322915835376172,0.103269123590597,0.0452305198503653,0.686581499866068,0.799156124168433,0.0277915620512059,0.804252292305303,0.889118868029472,0.102673627382728,0.35866875478071,0.530205985328006,0.129164247947685,0.247465212415153,0.415933921123763,0.364848346292415,0.000751437631063672,0.00584853867068834,-0.135325714607635,0.225436188374808,0.392538484339961,-0.0893102072635437,0.424917528944954,0.599701715726882,0.337553078724443,0.00192663710080253,0.0122020349717493,0.309882493762574,0.00460957359559727,0.0236332106567924
"M16",-0.680562496683911,2.01303819070116e-12,3.25105667798238e-10,-0.062512115996898,0.576894147957201,0.720852917777043,0.229674572678777,0.0379218479636966,0.112831145913862,-0.627975700636762,2.70440150233188e-10,2.49577624358056e-08,-0.144219962387811,0.196118993974575,0.359114959233118,-0.337017469983,0.00196094990563391,0.0122987731945583,0.0633854116668384,0.571572580534067,0.720852917777043,0.664561696188005,9.92071444224248e-12,1.28175630593773e-09,-0.300734998554544,0.00604511177179972,0.0289269792932046,-0.409489976294049,0.000133396374686838,0.00127307406915355,-0.0625102556817006,0.576905508499584,0.720852917777043,0.07076313566049,0.527554946664111,0.681600991090031,-0.709490976864305,8.59148252815455e-14,1.85003257106261e-11,0.00866222870437048,0.938434970550261,0.965332788177498,0.443468197438452,3.01010129097436e-05,0.000341144812977094,-0.165736093366681,0.136730788823648,0.283102851218195,-0.381629891949605,0.000403715884448589,0.00352433055883498
"M17",-0.539964803807196,1.6470083806396e-07,4.43319755788826e-06,-0.177127802944384,0.111395442825899,0.244480623728624,0.120799446662098,0.2796718005151,0.449422843613818,-0.603150628215264,2.01274401292641e-09,1.18202966577315e-07,-0.14552167294935,0.192069654438515,0.354505705049374,-0.366744998297488,0.000701647114709455,0.00552761019636961,0.122963452910146,0.271083800398709,0.440000339340618,0.586662088619016,6.9608266478056e-09,3.74724501206868e-07,-0.194997430659001,0.0791629969416604,0.188705889388608,-0.339047616525874,0.00183373369737883,0.0117286333515517,0.0582931770783769,0.602919935781627,0.739063147087156,0.15155559982083,0.174086032599118,0.329323939556133,-0.604531704208497,1.8082298557982e-09,1.18202966577315e-07,0.00556558536276062,0.960421082575397,0.979387637188277,0.33940705976539,0.00181200125141202,0.0117055280841217,-0.282181299216199,0.0102152580989762,0.0431310897512328,-0.290070915182417,0.00820601098765755,0.036559193779495
"M18",-0.379620544495317,0.000435661084077406,0.00375249413752006,-0.101639711498107,0.363554431080618,0.533764005631999,0.30228382750757,0.00577727947908054,0.0278516607722838,-0.552759187624515,7.26117084927444e-08,2.46879808875331e-06,-0.300426182616045,0.00609980727111055,0.0289740845377751,-0.360564965692422,0.000875933983782765,0.00657969015725193,0.251976102882551,0.022389534092555,0.0779894483705286,0.570732449137009,2.16499555529417e-08,8.74116955450021e-07,-0.275025429762042,0.0123964866796476,0.0494329036731625,-0.279894900607374,0.0108725723695178,0.0456083230565489,-0.172617002859121,0.120953809577438,0.259207833379462,0.0505135698520281,0.652216265008972,0.774506814698154,-0.509340529962765,1.02497934251421e-06,1.61496745186385e-05,0.270449788298685,0.0139942528283709,0.054140669736307,0.374619920028366,0.000525465268599324,0.0044084488768203,-0.198447737707164,0.0738964692137087,0.179462853804721,-0.383600633482267,0.000374483310566466,0.00333426185442604
"M19",-0.51146622824653,9.07982308884002e-07,1.58528803118666e-05,-0.111718765613768,0.317669726489685,0.487445708580372,0.0830321885515724,0.458313047936426,0.62330574519354,-0.560019508807739,4.49213419793147e-08,1.70701099521396e-06,-0.106974312891193,0.338783952816105,0.507782908397224,-0.323262655058233,0.00305349062157076,0.0179323176503156,-0.0329082396867853,0.769138883232152,0.868642864629318,0.557257223671275,5.39990885727911e-08,1.93796728989017e-06,-0.305305058498886,0.00528487141276967,0.0264653250592962,-0.336549987780225,0.00199134704003925,0.0123693287294745,-0.0648104206316967,0.56293858513987,0.718692343874222,0.178946968048411,0.107710407984808,0.240764441377807,-0.465358733395793,1.05698305330545e-05,0.000131309817776024,-0.115253173180114,0.30250311597614,0.476626860781919,0.303029829983041,0.0056520633444052,0.0274528791013967,-0.188322452915005,0.0901990267840305,0.205896011669554,-0.275120816301177,0.0123649397194888,0.0494329036731625
"M2",0.441901339277966,3.23545003131413e-05,0.000360362193142919,0.252466596268256,0.0221207057577981,0.0779894483705286,-0.150914865979341,0.175934923400929,0.331352654568513,0.436183244143919,4.19817535447257e-05,0.000444593652293325,0.121487740144181,0.276920810560829,0.447008648665126,0.227374817276392,0.0399419138730589,0.115189626616054,-0.0609216868871979,0.586644090176065,0.728233404729666,-0.416577707292073,9.90607990869179e-05,0.0009845119416946,0.218182669055153,0.0489312319011563,0.132257639364632,0.292885975338061,0.00757815713469972,0.0344752782325072,0.139579064757826,0.211054596319426,0.373917660430833,-0.119068863073363,0.286668924368861,0.45389246358403,0.53529797161563,2.20192084237684e-07,5.68976345670175e-06,0.125886032777813,0.259769497966526,0.427000243476784,-0.248811191833435,0.024192019191132,0.0835724299330013,0.056220444408828,0.615893178935198,0.749278707329826,0.158393870096176,0.155233141509984,0.310187314358645
"M20",-0.638669745150975,1.07698595854386e-10,1.15955488203222e-08,-0.2144970485642,0.0529753017154725,0.140254282410636,0.204336426539238,0.0655601163531462,0.162891673708202,-0.509501942651616,1.0156184841041e-06,1.61496745186385e-05,-0.0870452878701553,0.436801697011659,0.608133397132611,-0.211203854131908,0.0568168188556866,0.146814659923094,-0.127295827378115,0.254428057223932,0.423228145473335,0.547281452909659,1.03539503334752e-07,3.04029632519316e-06,-0.223597091331887,0.0434542117787542,0.122582623620416,-0.41066366138602,0.000127040076612903,0.00124345287108993,-0.0554160634564733,0.620959991965318,0.751481553190413,0.0818930117463858,0.464523861919287,0.629103594968259,-0.625433616627363,3.3487647835689e-10,2.70412756273188e-08,-0.177006968627157,0.111643628482886,0.244480623728624,0.357538604804371,0.000974903092077504,0.00723893560324216,-0.190041593400665,0.0872468413351314,0.20057458897685,-0.137479261894777,0.218070996805136,0.38177198898677
"M21",-0.54798891071798,9.89369430135359e-08,3.04029632519316e-06,-0.108458088279464,0.332087807962415,0.499125277681789,0.0969702415667092,0.386124364525035,0.562029644133594,-0.468072826852519,9.2366041080309e-06,0.000121772372526285,-0.109596684528821,0.32700672930977,0.493566231621756,-0.230978620868507,0.0368147689903933,0.11152854136242,-0.120405925424472,0.281252797654859,0.449726008131284,0.494081599881217,2.38957578148554e-06,3.43036878853257e-05,-0.170335823909319,0.126021332510945,0.26691731410515,-0.33070710809155,0.00240871200669633,0.0145423173488395,0.0609085516534932,0.586724925227986,0.728233404729666,-0.0343953170313442,0.759016866970871,0.86021911590032,-0.544719008362447,1.21970023618416e-07,3.42576675032594e-06,0.0531247176345271,0.635489591119643,0.756033657206795,0.363512098109101,0.000788426529509513,0.00606337545313268,-0.316920404352648,0.00372026974826554,0.019867580375001,-0.0955217913329916,0.39329243873741,0.565850591145583
"M22",-0.529121237117571,3.21227812228122e-07,7.41118452497738e-06,-0.252245548643168,0.0222415140909671,0.0779894483705286,0.12667983842537,0.256752626039693,0.424199990848189,-0.456167399486722,1.65466076392921e-05,0.000194347427908776,-0.11111390140311,0.320313442014593,0.488024725333554,-0.201536718153287,0.0694233918773359,0.169876936184693,0.018892681704217,0.86621424761174,0.926859232729224,0.458580589411793,1.47281168056348e-05,0.000176191915860001,-0.11273774914386,0.313247820737579,0.483911925550998,-0.351995891557961,0.00118287561616974,0.00830584400049623,0.0892426652764108,0.425269222462859,0.599701715726882,0.116266741458369,0.298242444992741,0.471062639279488,-0.525348982903066,4.03075820235228e-07,8.39957999586959e-06,0.0312243069225268,0.780647526142664,0.874000523203052,0.278768918482353,0.0112096209047645,0.0467188071256638,-0.295107781757519,0.00711285451792132,0.0332964059317186,-0.212764660154398,0.0549687031647068,0.144348708310571
"M23",-0.440440187581651,3.45967095525075e-05,0.000378804650354573,-0.284617905432127,0.00955321922445649,0.0413611211363766,0.222202994271198,0.0448133870951679,0.125867165493385,-0.369421579727021,0.000636490465213146,0.00507620790774929,0.0632955183272991,0.572119300974625,0.720852917777043,-0.046796133008094,0.676327082921067,0.793607254437969,-0.0333335232638601,0.766240099598933,0.866884596043626,0.391845126351389,0.000272041760631038,0.00254694170098044,-0.106536363864411,0.340776513651382,0.508469042431216,-0.431772951314297,5.1161109658474e-05,0.000533065755473778,0.0121161123377843,0.913967409728064,0.950761588863654,0.192698310535175,0.0828356391714993,0.194588446926504,-0.474897035737056,6.54727277250516e-06,8.99901747029433e-05,-0.236203382996828,0.0326463425261473,0.103889346166952,0.177708957624164,0.110207752929202,0.244480623728624,-0.119901481643915,0.283288121311172,0.450749079721718,-0.211631665287425,0.0563052820104695,0.146077157344431
"M24",-0.533788003112936,2.41656303997721e-07,6.0042297070203e-06,-0.275702439448158,0.0121740863306609,0.0494329036731625,0.112871575806303,0.312670044234953,0.483911925550998,-0.322685841630966,0.00310937288258051,0.0180821797972269,0.0628814078344481,0.574641014043904,0.720852917777043,-0.0357546636882094,0.749799528746241,0.855778260724508,-0.309295743108681,0.00469161820058809,0.0238644516344875,0.370737161032018,0.000606532817656891,0.00495974936970065,-0.144183070236578,0.196234644906023,0.359114959233118,-0.383603187925779,0.000374446713248165,0.00333426185442604,0.0131212717854309,0.906860770381613,0.946612479247121,0.0405787296290915,0.717378921723487,0.823201428059618,-0.495994211017406,2.15382953085804e-06,3.16221335666885e-05,-0.241643816284643,0.0287346979468916,0.095192896788164,0.252711036978271,0.0219877648680871,0.0779894483705286,-0.218711860038034,0.0483720186080549,0.131295479079006,0.0467083809687612,0.676900305255915,0.793607254437969
"M25",-0.223610804220382,0.0434410140196989,0.122582623620416,-0.261319586929881,0.0177215325972189,0.0669480120339382,-0.0488360149818273,0.663054413241034,0.783058776880636,0.00525858657990295,0.962602648409191,0.979387637188277,0.147892144728999,0.184851206437896,0.343143331491036,0.157963703009727,0.156372312047587,0.310187314358645,-0.377977833494089,0.000463479318003143,0.00393957420302672,0.028016354619502,0.802700917920876,0.889118868029472,-0.0536798829319583,0.63195630775428,0.754714230220815,-0.192088460763357,0.0838322128820224,0.195507615602117,0.0262431489582656,0.814958699005866,0.898401569211245,0.0405704645411261,0.717434061915735,0.823201428059618,-0.120407132831227,0.28124793773607,0.449726008131284,-0.318062661195509,0.00359135984917442,0.019867580375001,-0.0207203147011106,0.853409633338957,0.921293807898885,-0.157944698157697,0.156422783890809,0.310187314358645,0.293961714088859,0.00734962908395437,0.0339132884873894
"M26",-0.230822359006763,0.0369459873863124,0.11152854136242,-0.229441149910399,0.0381229156861939,0.112831145913862,0.0965052536761796,0.388416915115897,0.562594903957107,-0.306922043619745,0.00503692022902765,0.0254207067808739,-0.0436230572953803,0.697169220214291,0.808487550917666,-0.166539991711542,0.134811010925854,0.280928751800328,0.212153173877326,0.0556868046646505,0.145055144408727,0.278043753728672,0.0114314774973034,0.0473380414311408,0.059751786511643,0.593863498480051,0.732129427515483,-0.197839725565973,0.074803566377289,0.179639791374456,0.229172984471922,0.0383550073335532,0.112831145913862,0.111253018606262,0.319704148291363,0.488024725333554,-0.439768352370561,3.56755245198538e-05,0.000384106480663759,0.0186333825971804,0.868033801549815,0.926859232729224,0.129724624179467,0.245402678834719,0.413916789888326,-0.276163784222528,0.0120245273621745,0.0491635738985111,-0.0969153354231322,0.386394647889378,0.562029644133594
"M27",-0.270444719172795,0.0139961174086119,0.054140669736307,-0.215827810729785,0.0514846162285907,0.138579425348623,0.0608116584906161,0.587321368210768,0.728233404729666,-0.220785664363842,0.04623108521761,0.126612013096061,-0.0865640828759043,0.439350579392519,0.609908371337886,-0.0836150196221668,0.455153199046462,0.62294272581359,0.0781774617602386,0.485096814659923,0.6515504484708,0.202840987087076,0.0676014280466592,0.166047614137421,0.0604264035953072,0.589695592171566,0.729776537438375,-0.187920604279438,0.0909003441239281,0.206766275718512,0.170431805847781,0.125804894830205,0.26691731410515,0.0661432530983822,0.554919385474669,0.711265720271103,-0.311310894244481,0.0044151471453944,0.0230014923864902,0.136298747713376,0.22208709142004,0.387752056911745,0.127985008196493,0.251844358363698,0.420948405682604,-0.291003444591084,0.00799314571281027,0.0358581397949683,-0.0709860650830262,0.5262517788803,0.681279858029406
"M28",-0.235514781576929,0.0331719387728674,0.104532060718402,-0.0934776955009473,0.403541703863482,0.578022041454122,-0.00309343372027999,0.977995337541151,0.985624006320724,-0.353003423472004,0.00114231428286166,0.00819811415956969,-0.111438700861608,0.318892072626223,0.488024725333554,-0.260482495124368,0.0181024808632521,0.0675965470385022,0.142119146628114,0.202783004514504,0.369007946243294,0.30408750940556,0.00547864969201039,0.0272246746233747,-0.0765034644354046,0.494521436623723,0.6547188102866,-0.140664024565614,0.207492685503532,0.370277002307408,0.112594146293435,0.313868570906916,0.483911925550998,0.173732748496465,0.118532914955613,0.256953902890355,-0.224117158316213,0.0429560024652596,0.122244835209505,0.134721556155783,0.227533368233797,0.394065833455853,0.155036760616074,0.164289123992529,0.317756808680162,-0.252603028515063,0.0220464217493027,0.0779894483705286,-0.21466750648635,0.0527824057925724,0.140254282410636
"M29",-0.176295965862694,0.113112659559956,0.246860736742336,0.063299061899088,0.572097744783788,0.720852917777043,0.0051034288539334,0.963705321142834,0.979387637188277,-0.273337524967681,0.0129664047500369,0.0510749845641699,-0.190419970951356,0.0866074615604704,0.199815786314514,-0.313780014818114,0.00409620316518438,0.0216897315140091,0.156625312977107,0.159956427250899,0.315036134158783,0.213766788334144,0.0538082407128229,0.141878055104015,-0.0223246634592708,0.842200407011249,0.91592838876981,0.032334243632138,0.773056327764954,0.871543434094521,0.0819664261003007,0.464122225493443,0.629103594968259,-0.0319612341735057,0.775605117615779,0.872877283978879,-0.203534023518563,0.0666491273604065,0.164333344560392,0.237690725638983,0.0315349277414212,0.10185781660479,0.183836521662122,0.0982744831615276,0.220435125424815,-0.185973520758332,0.0943595704081931,0.212391228166177,-0.123837721320893,0.26766502984311,0.4377509095662
"M3",0.519745105001623,5.61873970414006e-07,1.06756054378661e-05,0.105655745622761,0.344805350158588,0.513235613369695,-0.17771581936833,0.110193788632073,0.244480623728624,0.484586614867205,3.96529643240602e-06,5.56865542463975e-05,-0.0223536840143719,0.841997928441533,0.91592838876981,0.23039064099094,0.0373105482035106,0.112105182044037,0.157718477839741,0.157024496241246,0.310207414592798,-0.516754358546343,6.6922687077378e-07,1.23520159577103e-05,0.303195497848297,0.0056245841839465,0.0274528791013967,0.353385395676368,0.00112726948253367,0.00818220321030054,0.10842524957691,0.33223509195537,0.499125277681789,-0.137517495915225,0.217941787009603,0.38177198898677,0.5025334815594,1.50280581334528e-06,2.31145846528822e-05,0.23569366102601,0.0330347250945557,0.104532060718402,-0.344614308927092,0.00152216884768503,0.0102429278708805,0.0471619270646446,0.673939592867783,0.793014530041144,0.198057341542841,0.0744778839371939,0.179525048594878
"M30",-0.155229852745232,0.163757892178223,0.317680475516913,0.0386136043692531,0.730529261265918,0.836740962371955,-0.0913196332099644,0.414530871291267,0.589839081176561,-0.340725266766741,0.00173427366198567,0.0114320488330892,-0.144860738436462,0.19411807534067,0.357265745498784,-0.34041247554262,0.00175244003831522,0.01143511378537,0.172747394076179,0.12066894945268,0.259207833379462,0.27537676154494,0.0122806360618565,0.0494329036731625,-0.172331696519631,0.121578906368385,0.259207833379462,-0.0236215233210661,0.833162302656943,0.913790912591486,-0.0301253177799525,0.78818411820152,0.877874035100314,0.0226435837740837,0.83997584100813,0.91592838876981,-0.154035442285686,0.167064374323726,0.320248029119071,0.0879899066975555,0.431822551286657,0.604634056419863,0.159447148078627,0.152469959718502,0.306373811218495,-0.0657136713510131,0.557498040666222,0.713155909446296,-0.156358689056994,0.160677649024853,0.315234775031882
"M31",-0.163428969147975,0.142355323986644,0.290293058524866,-0.114588688554896,0.305317817150106,0.476694323277901,0.00358883123704815,0.97447250238085,0.98360818209067,-0.203892487331314,0.0661608323153316,0.16375439722492,-0.164911328251196,0.138721833721249,0.285395874471105,-0.147108583041283,0.187215144313028,0.346535768556492,0.126060909959604,0.25910281520832,0.4269908638382,0.162618015340586,0.144373195607811,0.293286428813353,0.0768922771211265,0.492323889540109,0.654405828483354,-0.0854614356255502,0.445222648217208,0.61324910607317,0.15533679372313,0.163464224996653,0.317680475516913,0.0133953128373993,0.90492450059217,0.946612479247121,-0.229800889521958,0.0378134095750947,0.112831145913862,0.186095724287305,0.0941394601007656,0.212391228166177,0.119583377946181,0.28457662271742,0.451686727949517,-0.263568510842414,0.0167320334063108,0.0635817269439811,-0.0315990634076459,0.778082117643549,0.872877283978879
"M32",-0.228857592125333,0.0386294796559375,0.11291694053274,-0.0166447047902144,0.882010874007815,0.934063974768932,-0.015242210580061,0.891890040898433,0.941870806760905,-0.140913709530984,0.206679064810261,0.369887169962967,-0.0838794557291395,0.453723523963696,0.622304451126428,-0.0494375400249879,0.659160040502604,0.779885322645938,-0.119910541572423,0.283251480314616,0.450749079721718,0.155984501350361,0.161693894480258,0.315571769891984,-0.0226543958198664,0.839900445576657,0.91592838876981,-0.124889155675674,0.263592128748886,0.432184048659341,0.0302382313061173,0.78740887526569,0.877874035100314,-0.206396306233002,0.0628302654983056,0.158548248093381,-0.274075374908883,0.0127145326112003,0.0503901108394809,0.10186713198563,0.362476287277922,0.533393352121954,0.165068611233651,0.138340459828906,0.285395874471105,-0.20495996366095,0.0647238352800557,0.161434739733266,0.0956395959834437,0.392706511138754,0.565850591145583
"M33",0.154854520449784,0.164791667297925,0.317777364401372,-0.0684527864039988,0.541154813908123,0.69500200752415,-0.00220068169281978,0.984344829257591,0.988066888644183,0.242674561305725,0.0280400900908379,0.0933706092715531,-0.0970894484861604,0.385537941379397,0.562029644133594,0.206159686124178,0.0631390794983258,0.158707569478282,0.0215425317502168,0.847661212274698,0.920317887612529,-0.24527867974704,0.0263481781605096,0.0887244042509156,0.231364509453506,0.0364923926808951,0.111198517320086,0.062561133403157,0.576594846544963,0.720852917777043,0.0461553013205623,0.680517401168687,0.794962461401396,-0.192193742229785,0.083659492463581,0.195507615602117,0.0756525586181462,0.499348602102205,0.6547188102866,0.122724490354335,0.272023333509057,0.440418730443235,-0.114696584193389,0.304859624882704,0.476694323277901,-0.0464882845725271,0.67833884767881,0.793853071740056,0.237143071881571,0.0319404000047652,0.102654220910838
"M34",-0.19825179563679,0.0741878279007909,0.179495643535247,-0.0760496315592793,0.497092967505084,0.6547188102866,-0.0862706437789731,0.440908992902156,0.609908371337886,-0.233142965655344,0.0350369900111083,0.108296150943426,-0.0691098847456003,0.537269387521086,0.691386502666577,-0.187249168015575,0.0920817454982729,0.208718623129419,0.0880197335659844,0.431665859327524,0.604634056419863,0.163390602618562,0.142450308904617,0.290293058524866,-0.0958762931105502,0.3915308159286,0.565836481185405,-0.0737311686142814,0.510338249925057,0.666017190811286,-0.0480278290465451,0.668300824741318,0.787814475881189,-0.0137515760063242,0.90240811118988,0.946612479247121,-0.114902598051001,0.303986005596206,0.476694323277901,0.0851530668846001,0.446872663254881,0.614212213750326,0.129979718169955,0.244467703559921,0.413419205496621,-0.0613992043651386,0.583708862375561,0.72794580134095,-0.0928698379260059,0.406619553206739,0.581142104804322
"M35",-0.0834282971984564,0.456164211920431,0.62300651353192,-0.126913681099609,0.25586847206852,0.423823161426318,0.0716386988886959,0.52244600901478,0.677711087999092,-0.0178615300937147,0.873454070164105,0.930087555333058,-0.140906767954134,0.206701653802834,0.369887169962967,-0.00503004928835101,0.964226837850997,0.979387637188277,0.0878769390599494,0.432416306603679,0.604634056419863,0.00360783320094751,0.974337386281131,0.98360818209067,0.174863245201377,0.116118207839335,0.252566876310473,-0.0173885253381327,0.876778604433148,0.93157726721022,0.142733824479876,0.20081665333208,0.36646202839696,-0.134039238518574,0.22991821689131,0.396072448298097,-0.167846143107236,0.131735490683822,0.278108258110291,0.212179816361287,0.0556553579846025,0.145055144408727,0.0726777260573383,0.516415787283421,0.672579952490593,-0.130740776682336,0.241692848176167,0.409799422366939,0.0799895907211941,0.475003089907839,0.641949782595113
"M36",0.020598107036729,0.854264691844323,0.921293807898885,-0.132153588587397,0.236599498886559,0.403280412350176,0.127182643611173,0.254854099983169,0.423228145473335,8.93928889810074e-05,0.999364038466502,0.999364038466502,0.00391118873622014,0.972180435081853,0.98360818209067,0.0135192429354869,0.904049039067589,0.946612479247121,-0.0429000804128332,0.701950260690979,0.809749765011379,0.00927987779838016,0.934054648787558,0.962359335114453,0.0637606690495961,0.56929294746923,0.720852917777043,-0.0169189024606144,0.880081480471438,0.933551127068225,0.135004313221404,0.226550158114683,0.393417747693777,-0.10990709877192,0.32563011988868,0.493024952532638,-0.0431736675412643,0.70013965759765,0.80910593704487,0.00525384801018457,0.962636323381133,0.979387637188277,0.043443880593044,0.698353023857674,0.808487550917666,-0.06399542242727,0.567869024367216,0.720852917777043,0.0554859353623873,0.620519162446137,0.751481553190413
"M37",0.141523698203034,0.204700925632154,0.369525587129339,0.122989348080071,0.27098211908427,0.440000339340618,0.0232685088528498,0.835620448749995,0.914933576088978,0.10984958164734,0.325884914444948,0.493024952532638,-0.161686745293979,0.146716892319988,0.297113205137028,-0.0597834286612476,0.593667712290828,0.732129427515483,0.15004762771568,0.178460236527674,0.334160326947471,-0.133071051905839,0.233332087929947,0.399821031307019,0.21523830818714,0.0521406563723752,0.139762921230516,0.221268827074184,0.0457436918466777,0.126612013096061,0.114546381787836,0.305497600366952,0.476694323277901,-0.156227557808605,0.161033244211333,0.315234775031882,0.0759213483170059,0.497821117521923,0.6547188102866,0.221941623822811,0.0450720856132477,0.125898727003857,0.00942216930650238,0.933045800716743,0.962359335114453,-0.0276598229624382,0.805161823215543,0.889118868029472,0.113555138099812,0.309729616406023,0.482133330598291
"M38",-0.0779910881465651,0.486141356289358,0.6515504484708,-0.102345535289679,0.360214718122999,0.531275588829811,0.0209315598679351,0.85193199916499,0.921293807898885,-0.246904613606937,0.0253363206868211,0.0861434903351918,-0.157902778006607,0.156534155543217,0.310187314358645,-0.199911829201363,0.0717483587284174,0.174903546183237,0.259848761024302,0.0183955438500419,0.06829609958119,0.19400042470831,0.0807393451853287,0.191282982246427,-0.131917435654276,0.237445633751484,0.403657577377522,-0.0760543039851944,0.497066456805472,0.6547188102866,-0.0580409541996923,0.604492139261139,0.739586973414196,0.21004160158852,0.0582257107338593,0.148085862732571,-0.14981385914297,0.179145453172265,0.33430803293704,-0.0124547376632383,0.911572491994946,0.949799725530218,-0.00255718109096182,0.981809171200578,0.987926362298401,-0.034915104776135,0.755488288809117,0.857724841073268,-0.265257333526856,0.0160206069149702,0.0612385329412471
"M4",0.582874231468692,9.16732860289349e-09,4.55545713651477e-07,0.362023967507682,0.000831565224859547,0.00631989570893256,-0.221798364742578,0.0452144035060291,0.125898727003857,0.466770904519118,9.85514637102429e-06,0.000127328491113634,0.214977076295675,0.0524335589978725,0.139967269060436,0.23507393039407,0.0335121481576491,0.105091493737094,-0.0989113532704683,0.376641890932122,0.55172485610465,-0.46946463390626,8.61570169076446e-06,0.000115952985254872,0.132408514459085,0.235688450634943,0.402790315106278,0.323816483064217,0.00300068253603631,0.0177838616355913,0.0831290084498479,0.457787299320004,0.62330574519354,-0.0536494300285535,0.632149908964148,0.754714230220815,0.747663939296663,7.05889134868822e-16,2.2800219056263e-13,0.0755988996219593,0.499653828902931,0.6547188102866,-0.316969695011338,0.00371462296440106,0.019867580375001,0.076352108979148,0.49537827824626,0.6547188102866,0.0890825046814104,0.426103850648047,0.599701715726882
"M5",0.55095250275971,8.16840531439381e-08,2.6383949165492e-06,0.28442595666253,0.00960397549606269,0.0413611211363766,-0.253241891114914,0.0217014026989274,0.0779894483705286,0.50959193550598,1.01043460195943e-06,1.61496745186385e-05,0.14132137135469,0.205355550742156,0.369525587129339,0.282300559072557,0.0101819456159657,0.0431310897512328,-0.133240687250342,0.232731411989916,0.399821031307019,-0.509992550937035,9.87659473307374e-07,1.61496745186385e-05,0.129050232108156,0.247886315220818,0.415933921123763,0.32118343993158,0.00325924531915715,0.0184690568085572,0.0177928354689,0.873936758648864,0.930087555333058,-0.0550106695711665,0.623520298003191,0.751481553190413,0.79458115464031,5.12854885347265e-19,3.31304255934333e-16,0.0863552180378326,0.440459512458398,0.609908371337886,-0.352688804837294,0.00115484270668861,0.00819811415956969,0.0211983901917589,0.850066282828348,0.921293807898885,0.253912191123546,0.021344372674969,0.0774711570252028
"M6",0.604355696157497,1.83314377961691e-09,1.18202966577315e-07,-0.07249921647905,0.517449282334094,0.672579952490593,-0.177151941667545,0.111345914722795,0.244480623728624,0.515851440915743,7.05271149989303e-07,1.26556989692525e-05,-0.0550219846944369,0.623448775426705,0.751481553190413,0.317594402735926,0.00364371530859149,0.019867580375001,0.24776042662455,0.0248171123482782,0.0848950470107932,-0.581363188613346,1.02216606756708e-08,4.71656628320238e-07,0.27052714831904,0.0139658241149086,0.054140669736307,0.285019566948534,0.009447768115513,0.0412382310987932,-0.0193809814919147,0.862789645068448,0.92585068224953,-0.0769765886895849,0.49184804419952,0.654405828483354,0.53078584801298,2.90357666067443e-07,6.94707601035438e-06,0.0242951050988852,0.828476405900674,0.910196867707203,-0.466301761367605,1.00873936020887e-05,0.000127773652293123,0.16762776614564,0.132245942329179,0.278276477995602,0.244987995781733,0.0265326404768985,0.088808734445992
"M7",0.527351999828441,3.57432637677556e-07,7.69671613132338e-06,-0.0628294912832195,0.574957521884511,0.720852917777043,-0.220979651269916,0.046034886779286,0.126612013096061,0.501178683423566,1.62014159602403e-06,2.43398016518959e-05,0.0118203595818541,0.916059740400187,0.95140609694296,0.347228610813166,0.00139307040609679,0.00951522202634509,-0.0948741990420619,0.396522650447202,0.569230293753095,-0.522068147382099,4.89952868406538e-07,9.59119857547344e-06,0.220762516060592,0.04625454348401,0.126612013096061,0.228181376039195,0.0392234831709041,0.114136802380198,0.0573455878309009,0.608835945155904,0.743493422628949,0.0130947516494262,0.907048180578897,0.946612479247121,0.573832093232871,1.74427993403985e-08,7.51203224926498e-07,-0.0535610665639935,0.63271181065496,0.754714230220815,-0.388962154742044,0.000304497443843827,0.00281007641033018,0.028369084389417,0.800268142016893,0.889118868029472,0.310779395659246,0.00448662330906746,0.0231868692612607
"M8",0.110320749504015,0.323801437864312,0.492178185553754,-0.0282561466950575,0.801046867195209,0.889118868029472,0.0701641630145417,0.531064310370595,0.684765557883043,0.152060860421004,0.172638132239688,0.32825322599081,-0.053482396247054,0.633212248884956,0.754714230220815,0.0625284417351868,0.576794454643842,0.720852917777043,0.121348088734974,0.277477504821541,0.447008648665126,-0.139179780966876,0.212376298239619,0.374849969024027,0.289460205252566,0.00834809786778346,0.0366861987931164,0.123199443762934,0.270158094473365,0.440000339340618,0.206681210295314,0.0624600627340571,0.158232158926278,-0.15146452394576,0.174347968000306,0.329323939556133,0.00551103657991704,0.960808691216939,0.979387637188277,0.232011179841864,0.0359574478633455,0.110087731373086,-0.0109422584148442,0.922275257578637,0.956323942850401,-0.0203093648414717,0.856285619144513,0.921934183278926,0.141795931519993,0.203822470672474,0.369525587129339
"M9",0.24067221245973,0.0294027049888427,0.0964169919938699,0.0349956821690049,0.754941735028057,0.857724841073268,-0.040794553431568,0.71593957438329,0.823201428059618,0.256613025573872,0.0199561935006892,0.0732483011445752,-0.0860814779233966,0.441915271412602,0.609994156693463,0.0151842530016447,0.892298659036647,0.941870806760905,0.234781833862396,0.0337391710396703,0.105292292230082,-0.245244041696409,0.0263701015730275,0.0887244042509156,0.241403118096103,0.0288989789074722,0.0952486753787095,0.321754486545412,0.00320153623513409,0.0183025876805011,0.191172417771583,0.0853470159443083,0.197613520788614,-0.167207730411555,0.133231991648978,0.278536785130225,0.134504038585098,0.228291753688862,0.394322120008035,0.370867445117587,0.000603637237202695,0.00495974936970065,-0.0551664919645317,0.622535655564733,0.751481553190413,0.106527715167062,0.340815937109468,0.508469042431216,0.0351515999117711,0.753884492120884,0.857724841073268
