"","MEdarkmagenta","MEplum1","MEpurple","MEturquoise","MEdarkgreen","MEdarkturquoise","MEsienna3","MEgreen","MEgreenyellow","MElightyellow","MEblack","MElightgreen","MEmagenta","MEpink","MEroyalblue","MEcyan","MEdarkorange","MEdarkolivegreen","MEmidnightblue","MEdarkgrey","MEdarkred","MEskyblue3","MEwhite","MEbrown","MEsteelblue","MEskyblue","MEyellowgreen","MEsaddlebrown","MEred","MEyellow","MEviolet","MEsalmon","MEgrey60","MEpaleturquoise","MEblue","MElightcyan","MEorange","MEtan"
"22",-0.0116929341225319,0.0131354025018995,-0.0618129346534817,-0.0959498054415662,0.0482229228254529,-0.0545307866941854,-0.0392774121763848,-0.0350379442262796,0.0736132791651823,0.00117547482315975,-0.132995240162947,-0.0522966250016471,-0.0618593348300697,-0.11204805713765,-0.134478978028816,0.139754976591874,0.0592044516807141,-0.0353588269643219,0.0888094464623052,0.0645774771235706,0.0575653582293172,-0.0842773878643401,-0.00715913430936799,-0.0126912674436836,0.0024192307060813,0.0704983524607982,-0.0170692050873192,0.138264204881888,0.0730684030771151,0.103928592251369,0.02410738515114,0.277849519470563,0.028728671526148,0.0786460599737355,0.14561639957282,0.128862751546835,0.0359781846152984,0.0710453065013215
"29",-0.096783550439928,0.0692758109589546,-0.149187983572093,-0.172709697945521,-0.116965042001523,-0.190594408213706,-0.0867568092990071,0.0500853833397553,0.115305893901297,5.99616067013947e-05,-0.0994388248723832,-0.0508477264047491,0.138078504355669,-0.0723180484996302,0.0402218748635804,-0.0507881662198556,-0.04101252779401,-0.109645699560318,-0.081635372004642,-0.0239602430818989,0.00575740534398694,-0.117094601328543,-0.0408671517127932,0.0316093378281855,0.00611898566482805,-0.116587177610393,0.0345931585553809,0.140474913053596,0.0210112127066568,0.216715146064091,0.909931638753914,0.421305688583382,0.314434336672971,0.376131611165647,-0.00276386270386231,0.181463704612887,0.0788988448899127,0.0965123740506909
"15",-0.157931260698675,-0.0825901556918887,-0.197318122284101,-0.256333856837132,-0.0565561926975834,-0.0446743727562482,-0.0879289799290665,-0.0155418238114168,-0.115188307461769,0.00767185573169371,-0.155562752096615,-0.15226413945016,-0.0811782559874703,-0.223524048937751,-0.162636962675326,0.0537602386075302,0.0466927350057259,-0.0869976271888006,0.00462169076572437,0.0112438595557602,-0.0155248764343774,-0.18292024611188,-0.108714316549978,0.0189200559235105,-0.00910287997220048,0.333453568953973,-0.0347125546516754,-0.0387368179247594,-0.0658329669810216,0.02632734480095,-0.0094129745325852,0.0411878901882148,0.147574348891381,0.212193016972306,0.200499646834935,0.162903396425604,0.187069509696504,0.172046996671629
"24",-0.118391466782966,-0.0555212139619694,-0.173586942336658,-0.247181402675538,-0.11321587963038,-0.110748480350808,-0.154863837333728,-0.0306417522628885,0.00213132686379611,-0.0144975077306198,-0.163390784093056,-0.128056589926095,-0.0466074672693421,-0.187041022644109,-0.137329136584775,-0.0733851702093857,0.00751474415271286,-0.127496069235618,-0.0629984750062464,-0.0466844083828965,-0.0243957932420115,-0.187889299834124,-0.119298455356204,0.0971705703360554,-0.0197337161700587,0.161714353444452,0.0244369374918269,0.0153357554729001,0.0805448899189127,0.167388408389364,0.0830080114741362,0.128475855392923,0.305406121250551,0.378748172139522,0.138688535692189,0.185703427269479,0.345129913818271,0.210310463882465
"36",0.179168826516778,-0.0396855469409098,0.0186097292854687,-0.00475116138001401,-0.0549452953005749,-0.0983298489168146,-0.0533356804316215,-0.0548079627586899,-0.125880288950104,-0.143712495516416,-0.0648042790029969,-0.102633109831817,-0.0556724826839989,-0.0237668452866376,-0.0852611866759801,0.0533494916476513,0.122363983568986,0.050971314356875,0.0246513898884221,-0.0693284190723479,-0.0824469775189103,0.00458160160237442,-0.0690442539774054,-0.003782265829002,-0.0369226154078263,-0.0445608946284729,0.00329289652953557,0.0570797618089271,0.0336555180456092,0.0340989544622911,-0.0186882897201702,0.0506733048102005,-0.000357921548364238,-0.0259848679853446,0.0185741211847189,0.0261730822832438,-0.0775285981074977,-0.0777518629229627
"5",-0.00797137369000536,0.168761271555616,0.0769082136785155,0.0444460243361331,-0.0854265944194135,-0.0191336651385946,-0.0739466017446572,-0.0400947473931119,-0.018223067330885,-0.00423109015875853,-0.00907706033885333,0.0101676036769447,-0.0470689271076755,0.0358326131390772,-0.0242173019886592,-0.0333855812963662,0.00737424280897265,0.0100056754473539,0.013454859633423,-0.0283508466280848,0.0362214229703036,0.0366425241116303,0.0685343667614234,0.0144458456242332,-0.0372583985327487,0.0670602069075922,-0.0123056334216214,-0.0250902293606787,-0.0190922750189889,2.89258797623121e-05,-0.000585958342557524,-0.00972979614468654,0.0278784136796373,0.0196414111301332,0.00360934206385479,-0.00143532231424236,-0.00502710784394794,0.0144070646366874
"20",-0.0640681383228875,-0.0557661650205643,0.016944071153434,0.00428142285446583,0.081557917268308,0.027918877057515,0.0598862401532412,0.00829028581646441,0.0813972494703688,-0.0241115169383234,-0.0235883210133106,0.0457631460612236,-0.0519081660450116,-0.0268510098036565,-0.0699482593720134,0.132675978610678,0.0652755350931225,0.0523420338021012,0.0561341815139461,0.052953825235968,-0.0155165976018944,0.0204445876237369,-0.0399093281138668,-0.0568556490795813,-0.0488085966038355,0.0657321374148878,0.0148293961894033,0.0290746871540563,0.0248046742728717,0.0364022852426988,-0.0279355683519945,0.0260519710011021,-0.00918934567018243,-0.026609008652278,0.0699069120357231,0.0322626909969029,-0.0498471194380201,-0.0257860130873629
"25",-0.10166505769512,0.046616143715796,-0.122925878987788,-0.12527809544048,-0.222884201752163,-0.188975347081292,-0.134767601703682,-0.0131007489350582,0.0838379398386945,-0.154825888166943,-0.0940616557235599,-0.0858598344623022,0.0603082462735305,-0.0989250975103033,-0.0216047286236241,-0.126363035493438,-0.0593462203526253,-0.19321084529717,-0.176764363020418,-0.185681996607249,-0.1818936143324,-0.205340489355846,-0.18947482642949,0.136813739616258,0.0103343720066086,-0.00161261671230233,0.0617128010285923,0.0686575267102378,0.171365186060701,0.133074839952211,0.0515347784366034,-0.0124746451212635,0.118312461301494,0.0785624223695097,0.0118833779876392,0.0260657124257225,0.0175164134978955,0.0366313928114965
"3",-0.0932767007601085,-0.218369469617344,-0.128214266276495,-0.0641927636650851,-0.168547354266005,-0.0791028491069342,-0.0484200570755456,-0.160615860328229,-0.300000169130024,-0.183432409959965,-0.095463384078018,-0.274730859183068,0.117247717207448,-0.0453617934796808,0.0542808401414635,-0.0774903179258458,-0.105860106566076,-0.132166023915416,-0.181982200733147,-0.246998397573292,-0.237766221082288,-0.13103500207698,-0.216132374753515,0.556706814866778,0.930397292019675,0.0890216014667572,0.002235312275194,-0.042252020072696,-0.0763625606908188,-0.101059301082785,0.0486080916696029,-0.0683542094896064,-0.000215481659004913,0.00466835398454803,0.00873877456252356,-0.0546646223036671,0.110423023242974,0.0263801133418275
"31",-0.0583965315758269,0.0611243625177175,-0.0875423791873277,0.0243430995254591,-0.0184037123687082,0.0324001717992829,0.0658400751769729,0.149120411204893,0.143682168774006,0.218540537831928,0.155502094956922,0.117468148084424,0.144422351391803,0.00834602594572063,0.138935500175879,-0.151832356921462,-0.183770223132124,-0.127446006812113,-0.142044024765222,0.0458293773128873,0.0547429736245389,0.00253061010301256,0.0772479671752667,-0.105451870199944,-0.00894356640898067,0.177487131357847,-0.0439545662301889,-0.0888375140077181,-0.0900595974678557,-0.0798799019533074,-0.0209907089468314,0.00117273530891551,-0.0274977157819405,0.0620183502894669,-0.0240607968507045,-0.0425062823917233,0.327080980568554,0.193918029362336
"38",-0.112333308584527,0.0306804432456854,-0.138345690275619,-0.0758481749643327,0.0536898191120753,0.077376225310945,0.00677541700964686,-0.0147191336383434,0.0883132904002413,0.0858763414845302,-0.0669860548188383,-0.00230978234762387,0.0618092073304571,-0.0561755885612706,-0.0298678552762742,0.0664080620541582,0.0827921456069204,-0.00294899050289748,0.0887062558384897,0.0789062281523043,0.0954454461038343,-0.0334714587075755,0.0218478931082549,-0.0563912054958106,0.00245479792283583,0.219398877806325,0.102763903793399,0.0137155818182931,0.136116107660195,0.0950900431055253,0.0213428903102434,0.022546260946088,0.0609689004184392,0.0278699137414714,0.125542818151003,0.107528652404262,0.0918970039191299,0.0776851981865253
"52",-0.0492196036100295,-0.0847153016831459,-0.0774574457374788,0.0377156255531551,0.0237516450297417,-0.0278711372989719,-0.0924542835894466,-0.10239244998952,-0.10030884330963,-0.045688286456107,-0.0425248307837597,-0.108207558192301,0.287242988595735,0.156856996772871,0.247834445531877,0.0238245345268984,0.171994575488719,0.232333402263174,0.134106559542598,0.0844453954940705,0.0428402715079319,0.120702934786731,0.011348276708805,0.0258503513783008,0.0105651206023061,-0.0191441121264847,0.000801942090717198,-0.0228396139440637,0.0189706271433034,0.0773810598624756,0.00973885536932857,-0.0267067114776609,0.146548932109034,0.0776632834394353,0.059856413453372,0.109730368196754,0.126981074429965,0.137842186268439
"10",-0.0939489038112425,-0.144052337360802,-0.149504021332184,-0.101086852306801,-0.024776335203904,-0.0456942180753888,-0.0295492430420092,-0.138913876855169,-0.227870975241474,-0.0791782290575972,-0.0989648933420761,-0.18369501760804,0.0572321167844701,-0.0757934915234694,-0.00360742551887114,0.034875173146676,0.0322621691759278,0.0170595116345486,-0.0216367871001745,-0.0744557991521177,-0.0990625519633652,-0.0613962431276034,-0.138938066261283,0.0208986083068888,0.00911522929650638,-0.0651081719374011,0.0095146744678253,0.0216990655824407,-0.0169374663338134,0.0939434250544477,0.0018060519981121,0.0683290202230486,0.265105442946625,0.272324773451847,0.0576941779339372,0.126624853231859,0.353480842964614,0.212478761338002
"4",-0.139063937930586,0.145066172789874,-0.147696534230372,0.0653478925989309,-0.330133726238794,-0.131609757359185,-0.253935888337841,-0.325384142391217,-0.155438589867178,-0.246230780165589,-0.11812006785742,-0.139105365291986,0.461808002085409,0.210053911682614,0.357873985104804,-0.170834709670238,-0.0846348474826952,-0.0434158793433911,-0.132190784878142,-0.236364821576679,-0.102958678125607,-0.0601238829472688,-0.112081622151101,0.0205980121998647,0.0192658291752054,-0.303151953016638,-0.0593973294633233,-0.112331668533879,-0.16388046447033,-0.264673605649881,-0.0702108453607276,-0.145593954209774,-0.279077123764066,-0.127715226001265,-0.124434141218648,-0.253664216457737,-0.060466452520274,0.0896447753505507
"43",-0.0595713780618578,-0.163065258728143,-0.108655588151399,-0.0151995235447498,0.0639523048752067,0.0417638716695015,0.0472889876377367,-0.0364584663434279,-0.0356479379853009,-0.006162482254846,-0.0308995302834957,-0.0536632785237503,0.177122045080038,0.0200622005641945,0.127488680525711,0.0884260136331443,0.0994036236741074,0.126423769820383,0.0559271166856589,0.0530434784045239,-0.00504956918573502,0.010319433023385,-0.0342465956079408,-0.023405030516244,0.0171001294132382,0.0730547682298622,0.00202683530415142,0.000683112311144689,0.00732594344980272,0.0499364917736844,-0.0166683172883774,0.121039402308638,0.0810153539121806,0.0770730135683992,0.114735325845954,0.116644688803641,0.178904110027424,0.22212870041013
"46",-0.133314918559419,-0.104682377803361,-0.152349076711571,-0.12464834033087,0.1377756262422,0.154716149024679,0.0933897266630608,0.0598998261796072,0.113491791001443,0.0367082343234231,-0.112919794878417,-0.0382933705300423,0.059151257432281,-0.0955061503592599,-0.0336122701393461,0.160305902744337,0.175009181850183,0.0570745166346905,0.156287489593419,0.129414366907516,0.0826417535560697,-0.058379755250739,-0.033142683569165,-0.00731345815852982,0.0573370505417294,-0.0331283754213411,-0.020113323890754,-0.0184494878282318,0.0212598345165141,0.0537540053833453,0.00883715047197028,-0.0389469319610869,0.00257624289039506,-0.0288927463080884,0.280092431502965,0.176313386312959,-0.0296607154371087,0.0878196541964165
"28",-0.111053790443109,-0.15654140716359,-0.14558657138929,0.0175498011844232,0.12844856634841,0.109816756807592,0.0766447953581452,-0.0826054799531271,0.0102398738602609,0.0521358158809283,-0.0122152900538853,0.0105120369114353,0.265692430729385,0.0818352406317536,0.198685694964781,0.159996423681595,0.0223202602408667,0.0909885841896784,0.0587622368710803,0.0706869992774735,0.00511229202178852,0.0415237786533004,-0.0301625938375285,-0.044305081181631,-0.0209795838109252,0.0114224212547679,-0.0333600083808003,-0.0615583167628955,-0.0528733866530285,-0.0434298558795017,-0.0173293348383348,-0.034207213368857,-0.00132207734989,-0.0146129119032371,0.0142695902942677,0.0209233839287371,0.117855775094461,0.226409928821959
"23",0.196067516036108,0.0338501936787943,0.0426107002956447,0.0168271159016197,0.0409383725355978,-0.053907096766821,-0.0556471191992996,-0.0066244502288518,0.0407620787960348,0.0304324621153488,-0.0374127818177385,0.00684888437015091,-0.0558985941478977,-0.0143271032412741,-0.0860823330010255,0.0484753114640046,0.0918930694347676,0.0736002354684494,0.123546071447572,0.0977542699946087,0.0990077316847336,0.0578158516045865,0.0721110592366965,-0.0371674052242713,-0.0345165144351911,0.115701673442245,-0.0142138866686482,0.0537257882640507,0.0397119387363282,0.0578363015160224,-0.0148987615587878,0.115073716632918,-0.00455821130729577,-0.0343986896013928,0.0273599889007524,0.0594839258843647,-0.0426445215666533,-0.0051369183890028
"32",-0.0333994303513237,0.130020529480882,0.0826507922182829,0.0804180056346759,-0.0550266152387671,-0.00519498924103657,0.0289442103904853,0.175755804207268,0.0567830984942831,0.129986173017942,0.174985370554611,0.127378385012223,-0.0432721389849982,0.043362267716104,0.0818213579559443,-0.212108618957396,-0.143899804754655,-0.0868939932175179,-0.118733880536042,-0.0155913659057353,0.037370497759623,0.00776612718909368,0.118681186550704,-0.0255048027938978,-0.0295590565832291,0.0694140071740583,-0.0349123110018854,-0.0503440273525636,-0.0822291003811932,-0.109299677020742,-0.054839994609535,-0.00799501426610471,-0.112890164005959,-0.0846781705955328,-0.0513243688865479,-0.123448356752819,-0.046853271795719,-0.0431329611377449
"37",-0.045587272043246,0.104335221430645,0.10426357111422,0.0939427156772141,0.0101893090150298,0.0747921623755225,-0.00980308315170999,-0.0208110412741974,0.0410075413373082,0.0340257540665287,0.0547257909271702,0.0456357721523757,-0.029113522967082,0.126272400169252,0.0709739320227049,-0.0106679978230081,0.0217633929357535,0.044218465106589,0.0659180731358469,0.0226317828707828,0.0936964947884113,0.0747451673809072,0.130832878053861,0.0126370242987768,0.0169480918420282,0.0690159755439433,-0.0239328240763156,-0.0465059900719832,-0.0370380690425707,-0.0462955718787188,-0.0263669703858794,-0.0938682569325881,-0.0474949104936052,-0.0531351139416911,0.000742198749124067,-0.0613709923346254,-0.0583431158183546,-0.0299937789626122
"48",-0.102835776800526,-0.0479984071569112,-0.135234161943066,-0.0170769657639392,0.163333001352738,0.111658340116499,0.0706961913936659,-0.0414162096900176,0.0975023960104392,0.157261321065852,-0.0288175884779805,0.0361777620848209,0.188298584739074,0.028422364500346,0.131432450803265,0.125875037457494,0.0206962468391673,0.0652545858422934,0.112687633452075,0.179582590893649,0.146840218270688,0.0377548980122082,0.0812028082488841,-0.0749621012696389,-0.0284495633492714,0.104103360450994,-0.0231843082356974,-0.049132908245164,-0.043899168954746,-0.00728418760686877,-0.0201326445148515,0.0250830200151196,-0.000201867052649313,0.0225327904702444,0.0784394787489722,0.0926481604268246,0.198889144097925,0.311102448322016
"12",-0.0534920655978895,0.0845044758352083,0.0888673642752653,0.0928198917305355,-0.183034718126517,0.0199408057943105,0.0209995605738819,0.145827400807529,0.0408226847411447,-0.0671112829195511,0.13225779239955,0.0739695939122273,-0.0384218487661922,0.0390060606441067,0.0593799231594958,-0.214337119234971,-0.231128407044295,-0.209497143706193,-0.227386471043001,-0.196612600230833,-0.178300905436988,-0.131998694107325,-0.054744084102633,0.0090505933072266,0.0179762694985543,-0.0569759220171688,0.00635128518145308,-0.0760652742388261,-0.0878224229779692,-0.145131799006905,-0.0607606797732676,-0.0526633756885443,-0.116596141907842,-0.0810843301821248,-0.113333262159871,-0.189668357679439,-0.066105964673125,-0.133307158819903
"14",-0.0695827454559047,0.151305057502983,0.0603043261431724,0.0340422808472635,-0.249395428326317,-0.011868986672862,-0.159032802750059,0.101606663895078,-0.164918728057066,-0.128358262813493,0.0226161494370841,-0.104790926215923,-0.0318285480246304,0.0237362976893938,0.0435894770157635,-0.343939418967304,-0.149005940379242,-0.228093148630728,-0.20510792540574,-0.299522462719902,-0.14681743050746,-0.183510570244155,-0.0612739860136761,0.337165392996212,0.0506962324626753,-0.0424747593205099,0.00763164275516344,-0.0296212186891398,-0.0642899681267213,-0.116301769258453,-0.00622809374021716,-0.0296066674215303,-0.0879218381949318,-0.0375941136789274,-0.045162060423259,-0.141342304492645,-0.021393813871533,-0.0302260307819156
"35",0.101030040106813,-0.0351140007166333,0.047127521287098,0.0242301428513367,-0.0735152406611593,-0.10690946708268,-0.175959706984411,-0.143658527937425,-0.244203491371049,-0.231683570999592,-0.0959089489704738,-0.193627297022989,-0.0650727496721531,0.0386828412770062,-0.0347491615523468,-0.0180682295755305,0.151440473835759,0.0979745496351607,0.0434240983575078,-0.0903942120760797,-0.0780064494061902,0.0600368171330846,-0.0807591218085981,-0.00615473542248701,-0.0212960434723633,-0.105804173747546,-0.0353478194251333,-0.0268096795615836,-0.0179898762724605,-0.0159782745215516,-0.037653762888831,-0.113203616355884,-0.0175323650371184,-0.0470673369268107,-0.00444717493843729,0.00256611557649085,-0.0958013813321684,-0.0859203359669698
"50",-0.0683867515975545,-0.122190743732413,-0.033380705920693,-0.058953203025875,0.0120832358665888,0.028348052980673,-0.00538867964071025,-0.0659149889145775,-0.122810465013886,-0.0907062860445981,-0.0886584024723881,-0.0940747126279162,-0.0524306912633823,-0.0780871025177648,-0.100321866648183,0.119178588052429,0.112169464069109,0.0495706584767762,0.0248512660403864,0.00174122878475223,-0.0556887691349874,-0.0462769529796339,-0.0896820575477605,0.00165172245159601,-0.023374065991889,0.194498284700327,-0.0286500575351892,-0.0346676321904274,-0.00870653596200241,0.0370051670397456,-0.0179275594883404,-0.0720775340919762,0.0413729783215808,0.0137827937822055,0.115930565902811,0.0814222709032278,-0.000828646843597333,0.0709577536155946
"6",-0.0945571709811499,0.0806660517410469,-0.108102838539867,0.0496115866119634,-0.0771877593354998,-0.0376128883994252,-0.154411516327502,-0.102833911680253,-0.0626212493025431,0.00225572580668293,-0.0491668044254599,-0.0472655861419084,0.42859352392882,0.206111516121178,0.33853745926715,-0.0333164844996938,0.0673072444264607,0.0854468401600248,0.0761820259713895,0.0513655003825539,0.122595907959233,0.0664204895484377,0.0755146480010785,-0.00941692540650935,0.00364013172961675,-0.0626094198344963,-0.0199225684414387,-0.0637840108334349,-0.0384182699431461,-0.0349774556295464,-0.0031651043145928,-0.0649479735743957,-0.0343554090498072,-0.0574338713884521,0.0121435281179048,0.00722303262387712,0.0315732201846894,0.107687628693106
"21",-0.0944487214114078,-0.0546881420848208,-0.136934569371527,-0.156684927545859,-0.0674776826766719,-0.14166135710648,-0.1794176176049,-0.123675702839033,0.0613762700045416,-0.0796500070961461,-0.211636722242483,-0.100265991903483,0.0341959677090585,-0.0683815357005876,-0.0850678799485044,0.118336597937538,0.233147877142776,0.0133892303697579,0.147301286180754,0.0879109305989887,0.0934578880370399,-0.033653033439018,-0.0344294229346305,0.029063150953339,0.0187963014165196,-0.0696851493960552,0.147840430598253,0.236790269292425,0.445805445395251,0.379969525439293,0.136692596140794,0.102216523707328,0.216775849021759,0.0412072381128062,0.00897654263766738,0.183955444174104,-0.055304002848396,-0.000538381841472032
"30",-0.067039316965838,0.0552393490433779,0.0984438696043998,0.0655254041132484,-0.0143078947076658,0.0140480485525289,-0.0397608865929774,-0.0316239126646292,0.0469566516635332,-0.0229393329303474,-0.00721413245936962,0.00020896753559636,-0.0332313523459671,0.107550665326936,0.0598922889069701,0.0078566812997994,0.0820493054385392,0.0695170642323824,0.0765779058023782,0.0369410703153928,0.0819675524991109,0.0623698057539187,0.0962017113729366,0.0277917608044778,0.0129332807508705,0.0180616554409086,-0.0107228379268266,-0.025090067908436,-0.0429262406060855,-0.0245477600715766,-0.0152813138918227,-0.0758242089809298,-0.0527904274580106,-0.0585378810653423,0.0640054170310639,0.000845083596589525,-0.0527173049593862,0.0126344236739279
"42",-0.109631915372454,-0.199450556938137,-0.142029802685304,-0.0746141150525206,0.0257970828331596,-0.0335721255179699,-0.0375520932363911,-0.0326440071104425,0.0186478813413673,-0.104694157727587,-0.133636673640545,-0.0893653751057974,0.193157924979944,0.0111093162721985,0.0992322701770928,0.126754201290864,0.197219726125437,0.128798478651505,0.116708651653565,0.071845361749558,0.00998506431793479,-0.0270642436870318,-0.0673386242535061,0.0253067462415937,0.0319536192530158,-0.00732837292464663,0.00567424296853733,0.018118357422826,0.0363799765492889,0.072519122811751,0.025034871618478,0.00930061197865072,0.0364575256007461,0.0070354129113434,0.228040807770821,0.146437900921637,0.0283007848477509,0.1492049499328
"75",-0.0908025941360867,-0.0156350169762556,0.0311385151741991,0.0329568921689557,0.0664485558587325,0.106626660842581,0.0873311900482576,-0.0535254149223369,-0.0501511672567541,-0.038048614248506,0.00423275273863375,-0.000915504348210533,-0.0539778325488421,-0.00240919363700687,-0.0329697255990435,0.0858213166019662,0.0570439527285447,0.0621563243568033,0.0316725397138407,-0.00835291423561234,-0.0489159573434178,0.0282178882636562,-0.0404963570554231,0.00451500369203255,0.0351995475953737,0.0356492977927316,-0.0103979860066868,-0.0269915485538144,-0.0299325304653595,-0.0430527866257375,-0.0369982053514822,0.0258534686998325,-0.0263154792575257,-0.0550109080848616,0.0366604657915286,-0.00479683640429122,-0.0384939478660167,-0.0665188866739802
"26",0.178654709903895,-0.0522095865387351,0.0781875833090317,0.0675170181078006,-0.0127324398277271,-0.0334141693870402,-0.0263965113754152,-0.0915488802770813,-0.118276250169724,-0.0858155397435592,-0.00710331052444507,-0.0154194009217898,-0.0524643478692366,0.0336322664825445,-0.0446085983698981,0.0396421960916931,0.0320794620168557,0.0615488115329106,0.0167698175727791,-0.0298766054433392,-0.0392404385778103,0.0690933619907162,-0.00536766755983158,0.00603677723830931,-0.0273049813782727,-0.0685636548573883,-0.0183005976840487,-0.0355449812581089,-0.0411283321854237,-0.0491933243484975,-0.0451056449329532,-0.0683962191401773,-0.0476280553226234,-0.0475044724631877,-0.069574064240483,-0.0563681280671974,-0.064511294292748,-0.107062822473656
"55",-0.0182186907033714,0.135625229118709,0.140898440407209,0.105459349922588,-0.0241286282161216,0.000394623272466173,-0.0734582806562005,-0.014552515471752,0.0635783398463115,0.0430213157688189,0.0473245180809658,0.0753446525179146,-0.026473008431499,0.150314168889751,0.0730016209616314,-0.0349667803521986,0.0238806032259553,0.084368850108557,0.0813325614846079,0.0768318360916843,0.135632332103075,0.135765831189351,0.156474804911488,-0.0216074351399978,0.00755528786896546,0.0427556387101817,-0.031172956895144,-0.0246446935047539,-0.0166408234746081,-0.0310410823024242,-0.0238676262449447,-0.112101775644626,-0.0554438459398288,-0.0748935925116675,-0.0781884115124671,-0.0622031724362233,-0.088377455087368,-0.0617313064814341
"57",-0.0168977972565731,-0.0138095068583879,0.121045091821744,0.103654645718908,-0.0369121821349409,-0.0771803724816107,-0.0549613151711054,-0.0799006437351745,0.0135902890190447,-0.0683238386109966,0.0114995030534638,0.0490409596261944,-0.0289022366474774,0.116074364846273,0.0552792893570903,0.0154112209702832,0.0388531233870448,0.106837818116087,0.0374083848934517,0.0116940264785284,0.00780159582472771,0.0951562624615923,0.0272005381408478,0.00501752681949589,-0.0100111229900485,-0.0531214783759538,-0.0154679060366707,-0.0272367239111872,-0.0362893838605542,-0.0588129146150138,-0.0393852601984282,-0.0696090182353365,-0.0670724074247029,-0.0638210415130068,-0.0686398186752074,-0.0670605095176199,-0.073876891918788,-0.0526712097320596
"58",0.170571385980133,-0.0199372105778179,0.0706044796085498,0.081693965776159,0.179127510489539,0.122233476519475,0.154337305967321,-0.0186237369273655,0.026571590378431,0.0699082452490104,0.0701418038014522,0.0708352269596949,-0.0498795828361784,0.00707449648777816,-0.0628003090120081,0.102163072385204,-0.015040816135402,0.100882323829116,0.0578795700706434,0.05611064139081,0.0168856594955965,0.0960630498929203,0.0162454652398596,-0.105360146734314,-0.0540675827142211,0.018941670906176,-0.0307980634169884,-0.0421695857626196,-0.0365324296375978,-0.0326994200799647,-0.0478482080889274,-0.0874560327277061,-0.0313208929021412,-0.0558437740990003,-0.0756785428873495,-0.0504688496811695,-0.0672722705825828,-0.095769705489617
"60",-0.131702292361591,-0.121877803015989,-0.149063135220421,-0.25567689765799,-0.123963607528721,-0.327681804559533,-0.227004580426968,-0.171543519948797,0.0536728040894198,-0.169160304867643,-0.217758405659104,-0.0963993399473704,-0.0831150093726928,-0.172363295487348,-0.215181764804011,0.0741805000221446,0.216501952257102,-0.0618941050795829,0.0587551969195308,-0.0718852365676871,-0.0934842492971657,-0.0804355297016181,-0.207596804479681,-0.0794773602238601,-0.027604027597949,-0.364137631082794,0.940478401029359,0.192090272576525,0.601028855827601,0.325442202158852,0.161964454099175,0.061705248122258,0.179600016466801,-0.0307180999413816,-0.156019551690729,0.0997345213926056,-0.0437368436834021,-0.168716497479721
"64",-0.0132897221465335,0.107208251544396,0.135728043086584,0.10510788587847,0.0205157743101519,-0.0156169955453829,-0.0450719718729149,-0.0237945917532838,0.0876612401876306,0.0634796981985558,0.0437920884962981,0.0884074565962425,-0.0303031746290633,0.143067402177569,0.10573457393808,-0.00921569473302595,0.0147303440066318,0.103004449431247,0.0958935212180526,0.112416731336438,0.165820833397822,0.140351721700444,0.163887919922935,-0.0398856859476142,-0.0248482707801636,0.0570285361232186,-0.0439725350256227,-0.0440791633226707,-0.03225638795873,-0.0452644984519082,-0.0454425008476754,-0.0714238365122663,-0.0610390850287302,-0.0732518576184335,-0.058399949948306,-0.0418916487866747,-0.073941888618312,-0.0157191019465421
"65",-0.0496188101256218,0.00728653485158908,0.0626635288638252,0.098647148033454,0.125070846394289,0.0385211131926373,0.0659736791375748,-0.0608586520836531,0.0699651309224685,0.0549904238663011,0.0716993468699215,0.0838905581002748,-0.037072460594789,0.0802913949782429,0.0558547976421869,0.0780519157593269,-0.0641350520216519,0.0731329982018455,0.0273316392697879,0.053502189272231,0.0270036559871808,0.0907783013377969,0.0550370456008541,-0.0689064533950912,-0.0369030947614249,-0.0540207366245963,-0.0508621601859552,-0.0745284786637539,-0.0919921917063565,-0.11792915998141,-0.0439523448197283,-0.0402779232447173,-0.101861084528009,-0.0623450480868022,-0.0914278320420274,-0.0948085894260868,0.0149649641094923,0.241641964832748
"66",0.0536410722155199,-0.0623060365904937,0.0854166026510037,0.0796022733438089,0.121687276395969,0.142668978310159,0.104006176941503,-0.072341710126677,0.061828822708311,0.0104402646685707,0.0358101441948871,0.0842824399659057,-0.0491395812502496,0.0517411241992821,-0.0381102603468565,0.138798152097618,0.0271356368334155,0.106642332339973,0.0861476520465284,0.0662095217893308,-0.00204159657761835,0.0858249114842776,0.0234778694087408,-0.0651060311117639,-0.0217914124673059,-0.0905308888241506,0.00966670524775588,0.0333622406582538,0.0286840079244788,0.0202683974552874,-0.00973153695076378,-0.0305772211827396,0.00623431888821115,-0.0295574114789434,-0.0851874282331943,-0.0321213109012689,-0.0918770047652828,-0.106952594922451
"71",0.0184108965453646,0.118732430219616,0.149547159421992,0.121785625574847,0.0189427451620297,0.00936464346474836,-0.0471919536009402,-0.0277703984112162,0.0434517713994835,0.0716921741346175,0.0636657085993542,0.105163462393033,-0.0494814103155405,0.159274069539658,0.0890888372730586,-0.0242827653711576,-0.000931342226983756,0.0886131788249241,0.0981553108493252,0.104245572655806,0.153442415408712,0.164639914956019,0.187835851115366,-0.0718548140650148,-0.0572003939918478,-0.0224469212703948,-0.0484739181505172,-0.0542877008918514,-0.0604986764679379,-0.0624540711619284,-0.0367878138366319,-0.124391814280517,-0.0690530949407642,-0.0689879077512362,-0.0804454984170441,-0.0807332435835717,-0.0683649743271627,-0.0622612947756809
"72",-0.0199804216976971,0.148551461145395,0.12567025151629,0.0925444420133158,0.0122683625786806,-0.0429658356227699,-0.0920658890065821,-0.0372264426020736,-0.0629934537866027,0.0260209982391864,0.0332849447116783,0.0341123949277197,-0.0246372407649175,0.135467892196938,0.0785888872442172,-0.0342954944133145,0.0529524264511866,0.103136625060813,0.105561310139595,0.0577680563375597,0.139711226800096,0.138982734509824,0.174399571198748,-0.0464478016921007,-0.0287326705091671,-0.0852294311041523,-0.0313572919612403,0.0128742257941009,-0.00432819022283325,0.0145769724996541,-0.00569954291447828,-0.0457946132642497,0.00447499524898345,-0.0482617926993269,-0.065778819203318,-0.01658825322195,-0.0670118300553069,-0.0774061430043064
"73",0.133118618728791,0.020584863448108,0.0139265136775934,0.0404903928117312,0.108058643156297,0.13944094859233,0.224345249081627,0.142242560308846,0.0686019805343949,0.101666737535918,0.153770534174699,0.123686718351334,-0.059316139311035,-0.0780451329503895,-0.0909156752465474,-0.00796786808729898,-0.166374100962621,-0.106806332428373,-0.13120018786357,-0.0579945762630366,-0.0999860351238533,-0.0520633869144016,-0.0452515245772151,-0.0198726365986743,-0.0170405715448794,-0.0835641416208778,-0.0367505825976888,-0.0187675315097267,-0.034141084948446,-0.064798713312274,-0.0206233578651528,0.111497807667539,-0.0694876801180114,-0.0306738974284452,-0.0878885715142792,-0.0998121719383139,-0.00196294595556577,-0.123128138110892
"78",-0.00922904287829674,0.111941572434384,0.156904604082064,0.116739458772816,-0.0416027684372758,-0.0664377805331472,-0.102591122394533,-0.0278883648404273,0.0327533474837198,0.037179813532092,0.0461658274001226,0.0761067863144472,-0.0170969830566632,0.176748270138008,0.123839467387608,-0.0285050494145832,0.0395866465919455,0.125197879674221,0.0857016172368953,0.102034578357405,0.166008812614475,0.151023661834227,0.16477676242464,-0.0212027159286872,-0.0267948092968875,-0.0254031624757197,-0.0217309056248172,-0.0460543235854285,-0.0355359180500537,-0.040506633223722,-0.0259049892356952,-0.0654698139646304,-0.046189805063472,-0.0493438752157984,-0.0708235029712259,-0.0537990975990597,-0.0606252111063907,-0.0167518858254752
"81",-0.0835327610295549,0.143620037812051,0.0424885698924891,0.045736889090411,-0.124960384245069,0.00495970304930292,0.0233666683890165,0.244545104644805,0.0223959701847298,-0.0438185266339483,0.161087179431365,0.0286657644379256,-0.0393123540465108,0.00892608462174165,0.0575080459686916,-0.302509677110173,-0.208207178817857,-0.19880545452449,-0.205044205828494,-0.212773560016617,-0.195036373869246,-0.115553933479314,-0.0507573347049941,0.2101374609653,0.026917822306632,-0.0729696455867301,-0.0357894996987074,-0.0727847533481329,-0.0625016412364086,-0.132401875372316,-0.0449205734569079,-0.0913958054860317,-0.104988150608264,-0.0498291568102707,-0.0865625861809462,-0.180740335312449,-0.0617010873052129,-0.139695467978932
"85",0.232766179990804,0.129410554358413,0.143556279271567,0.115399856650331,0.112642087196216,0.117796829062306,0.0608356928745147,-0.00308540972350497,0.143323484430582,0.14204336231802,0.094552569078434,0.140933321253196,-0.035911235242723,0.114276286410395,0.0229360348285209,0.0277592040702814,0.0264200296332112,0.118380957752803,0.121812382840035,0.13810377241288,0.176247539590273,0.181484655934748,0.172115224253602,-0.101705967638838,-0.0480031225689602,-0.0335022647329016,-0.0160458982744213,-0.00623758118617623,0.00574587037599944,-0.000536616369571439,-0.018491046250852,-0.102316469239749,-0.0143437750867971,-0.0473887425611997,-0.0706606685933347,-0.0331806564387774,-0.0840870954523465,-0.073040597090036
"86",-0.019731761289175,0.146505843742603,0.132546032166879,0.116372105146755,-0.00649602690850344,-0.0187112959660225,-0.0516456356632983,-0.0217348079584456,0.122703660780838,0.0549928287202707,0.0350663507547621,0.0919318377819793,-0.0376261753956863,0.151084642591061,0.0807942901466593,-0.0382774504560531,0.00874396002595538,0.0960989120114438,0.0843054711410324,0.102816566445624,0.156421612639577,0.153781355611016,0.179627218928917,-0.0953648240596129,-0.0568783259582961,0.0123406845743314,-0.0453916714774154,-0.049861083920207,-0.0487014143294049,-0.0644552781992254,-0.0488393913747577,-0.0961751907243682,-0.0759376207751446,-0.0717584120404184,-0.0942669711034047,-0.08226637841824,-0.0771479040231109,0.00243669072659771
"90",0.139932422574525,-0.06822185023478,-0.00410864631700649,0.00893727759405034,0.114383878703094,0.134422976491408,0.195370449973656,0.0696611882727982,0.0361769481518697,0.0382772291365046,0.0629184165634437,0.0558090664481888,-0.0658155083207281,-0.0895889538547453,-0.113786746086214,0.0482618942778395,-0.0482486606582361,-0.0446775505979236,-0.065339601872213,-0.0124153045713831,-0.0665622112220441,-0.0327671665208472,-0.0449381324985603,-0.0290271275950188,-0.013649699228473,0.0264225950315593,-0.0160699828265753,-0.0120699221701492,-0.0276142598005192,-0.036002802722298,-0.0386058032197092,0.0119667060445814,-0.0465961578586201,-0.0440915591951883,0.00852851520519094,-0.0230802258455507,-0.04580810850933,-0.0761110483294513
"92",0.1847381872037,-0.0135008208580096,0.101177477429992,0.0904284592224814,0.0512225178090906,0.0531334871786287,0.102923158324306,0.00670346187265967,-0.0550561522777461,0.0180448587271186,0.0903748030222133,0.0665441023644823,-0.0540785850972136,0.0309276428330502,-0.0272484868233782,0.04990672377826,-0.0393504196085986,0.0476924752773473,-0.0152783008646845,0.00321157379453766,-0.0171619273297906,0.0986139249858897,0.0274619707029201,-0.0700868579688382,-0.0556529930737385,-0.100680153332321,-0.0409183578819878,-0.0418771826736311,-0.0176183784928171,-0.0379750804051033,-0.0586773735457121,-0.0613601260107227,-0.0677067045628463,-0.0771479689915793,-0.110751986383342,-0.08343953850946,-0.0902264808171147,-0.101220747494697
"96",0.0892061401974586,0.0233830368104162,0.0661446287306944,0.0591667718870893,0.18051382669697,0.122404207377438,0.102812583797633,0.0137642507876285,0.0593188049323856,0.135962527787292,0.0522963314831909,0.0915169277347395,-0.0430831430893096,0.022871993894422,-0.0351937838870753,0.107671517698983,0.063807388025171,0.108239543886629,0.147706722615077,0.16881871778951,0.159407105943823,0.120017592945386,0.119139035010163,-0.0943026999225837,-0.0426702808322109,-0.0230671574749408,-0.0238220510678215,-0.0174038704916305,-0.00132952872385813,0.0240907361067404,-0.0318693338067626,-0.0274764164424434,0.00341635345573403,-0.00453923085769168,0.0405390686911988,0.0606412787853001,-0.0367768374357365,-0.00685419264386318
"11",-0.128930180423754,-0.255960932057658,-0.167582375892089,-0.165624491090058,-0.0886160456907439,-0.150916188208884,-0.0794286330760033,-0.078707813941452,-0.0845546566919993,-0.245028208377195,-0.20161505226945,-0.212644200552426,0.110478129367128,-0.0835924456431172,0.0175441348029272,0.112639561764684,0.193513539422488,0.0555722681935868,0.0581195172775489,-0.0713993694651101,-0.116169162399762,-0.148739083261978,-0.200408421763015,0.0981693267119856,0.123891159325769,-0.124732977520199,0.0897616260874332,0.0160875153654893,0.08084047600164,0.101850638470378,0.038406169903364,-0.013318850593282,0.0767409182145273,0.00309844533154929,0.247555294992846,0.168277253174458,-0.00591132201134852,0.0958350591600743
"13",0.0122475512446179,0.0741178716761673,-0.0196322557224317,-0.0137528085315957,-0.0572079864020266,-0.0301587490434492,0.0262883278705048,0.188833058390097,-0.0616048006840568,0.125965609498593,0.125338520574952,0.0596038431944577,-0.0492561539632638,-0.0967891263179772,-0.0825102750543731,-0.154839104982085,-0.172446826626741,-0.191330098600164,-0.169415939982781,-0.0552875569116818,-0.056756649747338,-0.100587461006164,0.00834331979093861,0.000349443375347449,-0.0302793464817135,0.177024605726539,-0.0369546937492223,-0.0316497286188522,-0.0614264670448828,-0.061096940352529,-0.0312855573890509,0.0749328097633634,-0.00529274164533246,0.0502213976390321,0.0165973773248198,-0.048481866957651,0.0738011893518022,0.166756938483832
"56",-0.0338211478047429,0.191590752920855,0.131320072769101,0.0949127995392594,-0.00335663335071095,-0.0460027613289322,-0.0960190329113776,-0.0352622849870886,0.0953943454291719,0.0490231959526275,0.0216569555597745,0.0810601839458319,-0.0320931637825977,0.153622069086158,0.0865640401503002,-0.0256669424869918,0.0361590824065886,0.113970432600112,0.109976006804926,0.132245052973786,0.175043964552811,0.153153808365289,0.164946598733754,-0.0897738104967673,-0.0518128711711262,0.0201681002533195,-0.0242148119579785,-0.0327352667073112,-0.00664432672565008,-0.00635828640944025,-0.0309939426892914,-0.0559257835029684,-0.0363309063475903,-0.0675664877934129,-0.0633480244634024,-0.0152885335094507,-0.068160011923376,-0.0352841408489098
"59",-0.0382118332913221,0.0124269161022168,0.115299890960697,0.0792775959858027,-0.0295871476055137,-0.0633031406689805,-0.0351514100069252,-0.0823740906042698,-0.0978069132484112,-0.0775263869618699,0.00625096931518373,-0.0162940000530202,-0.050945430356835,0.0991826776757654,0.0485677816142717,0.0199665206992242,0.0217674534650874,0.0961140717126156,0.0105040623542613,-0.0219654743864441,-0.035253719591349,0.0919325929422748,0.017504036127408,-0.0488430490106707,-0.0582544267892145,-0.0709572807568837,0.00835946086675875,-0.0261072094636425,-0.00544741128759636,-0.0162390467628885,-0.014178337757102,-0.101830977083696,-0.0240733471064692,-0.0628026241792522,-0.0888105600225435,-0.061763833344025,-0.0864060995485409,-0.0864991871808548
"61",0.172640099186801,0.156903074713356,0.114152408889641,0.0905118920782414,-0.0136473543446092,-0.0986938766610341,0.00569303538038901,0.0904619515566777,0.133527515154177,0.131524266133568,0.122106366478903,0.14733249654639,-0.0402993725846649,0.0596004655852291,0.0448595871036193,-0.112056259106484,-0.0903446384836638,-0.0215623086308743,-0.0457339885514896,0.0603552195588307,0.120455985363699,0.110235864076904,0.149776279475476,-0.122740889583149,-0.0546308111414644,-0.0488982611160108,-0.0391897312795963,-0.0506773507079556,-0.0410967959883148,-0.0491065922205958,-0.0398422378904883,-0.101129905192448,-0.0802932159611297,-0.0834553470087301,-0.0857603907742145,-0.0840506517229199,-0.0741520418805589,-0.0874780542173435
"67",-0.040149107226545,0.0250012885986018,0.114839155576053,0.108946641439597,-0.0298037776892512,-0.0018222084632107,-0.00203712753171518,-0.0358484976784767,0.0430442585733091,-0.0263979638644831,0.0579002994263707,0.0661653455224198,-0.0243954235000714,0.100447439018956,0.0825418616660907,-0.0108786764185334,-0.0112672630800502,0.067488857322278,-0.0105087141705112,0.00209174752746368,-0.0107942507160483,0.0818348429560033,0.0494388734980553,-0.0084797514476137,-0.0301256367245202,-0.0900585723208242,-0.0190151746843254,-0.0259200716574879,-0.0205909241369788,-0.0413496131161508,-0.00514348889664848,-0.101207113632793,-0.037410720479137,-0.0810515226999375,-0.1081370894147,-0.101993326359646,-0.0939583913330518,-0.105584547360723
"68",0.209801799465391,0.103523088347339,0.0809487315679132,0.0497215127132461,-0.159260822009717,-0.0957791036742881,-0.0144712222120845,0.173081912998554,-0.0469178548630848,-0.0492222381379284,0.117089995551969,0.0537740582401652,-0.0512268987289589,-0.0114592690986593,-0.0176542577383883,-0.219959389512709,-0.179046108117119,-0.208819084375258,-0.214693023936855,-0.176585390708218,-0.168598356122655,-0.104637014621588,-0.0470717268739562,0.0173834261765825,-0.0260493677057435,-0.10716789671123,-0.0134257148113657,-0.060336293401151,-0.0780037077973996,-0.130203436215041,-0.0373368165738047,-0.121391605396564,-0.133710553400848,-0.0930603144653299,-0.106832110846926,-0.174587077996386,-0.076231029241048,-0.126753600862289
"69",0.111963788093142,0.135665104355432,0.127876431565366,0.0999788788950783,0.082006448728066,0.0588596177610839,0.0158530350124079,-0.0223916672479207,0.120745006340647,0.0982126500319358,0.050162731002576,0.126002579517314,-0.035768145873789,0.110157232097265,0.0331349372991137,0.0224428991717215,0.00793954654787763,0.0707805805636898,0.109348502774113,0.119233191170845,0.156001200046664,0.12768662819018,0.173974717327104,-0.0389116844975791,-0.0393052943013208,-0.0351722101046615,-0.0223760466325295,-0.0193544923092012,-0.0217537192006085,-0.0192724325722695,-0.030523011735258,-0.104126121248393,-0.0445960028568869,-0.0438652524665081,-0.0968705380244861,-0.0596968460239762,-0.0733699094258636,-0.090661408962085
"74",0.0566412488477183,-0.0202438960393433,0.130536633674579,0.119537257282837,0.0374983121267696,0.0504576195899667,0.0568005651485745,-0.060135611967213,0.0540662207732928,0.00343396385280786,0.0751065053328303,0.0941971819682753,-0.0309315504144046,0.13298935883759,0.074228303175907,0.0170645120672054,0.00547178412188465,0.114609864853444,0.0265557910787932,0.0417680327656482,0.0294871359049224,0.139044900853831,0.0617793955828115,-0.0335174517342736,-0.00404755328471751,-0.00984978975426342,0.00151252486498423,-0.038453422582266,-0.0352327401768186,-0.0553911234088064,-0.0319014731069356,-0.0870610510161021,-0.0558908697093167,-0.053766003161741,-0.0804819656233638,-0.0883758575362099,-0.0716363490486041,-0.0921791877972789
"76",0.158122876823549,-0.0412492136484106,0.0370549569220589,0.0681298662222364,0.151050804574214,0.0602977551181911,0.244498529176409,0.203768450137506,0.121358233288146,0.177356472896643,0.211301291314378,0.164650916970847,-0.063648324800781,-0.0677556500229901,-0.0787960602220366,-0.0393499939070022,-0.154392678485362,-0.0770620261218853,-0.141316976184479,0.0386496791528585,-0.0474984643581369,0.0407084854892053,0.0100633363947964,-0.0760718703846458,-0.0249820817367511,0.0559514385054051,-0.051620240767955,-0.0654967830987221,-0.0761412011153537,-0.10114071318963,-0.0553400612054353,-0.05738935058485,-0.114058465252415,-0.0900385420446459,-0.0912617668803922,-0.10168649513801,-0.0256903999425513,-0.0948459675605306
"77",0.201030130887342,0.0818717078866059,0.0541176449864568,0.0439454823478425,0.0664422914048895,0.128745447219538,0.067633423003306,-0.0430992946492256,0.113812728661095,0.0552717528322142,0.0307038107777147,0.0546125457140181,-0.0723913967283448,-0.00352511631903386,-0.0712744050653557,0.0128479325959447,-0.0537171871371122,-0.0686210340074079,-0.00768927990807746,-0.0482726407297106,0.0193214291595091,-0.00473363579034544,0.0486275995588851,-0.0999785735436142,-0.074745832387996,-0.109095324487276,-0.0235570015584635,-0.0094932359567627,-0.0048663252145941,-0.0121260396056544,0.001657016451123,-0.0746375619299037,-0.0474691927217704,-0.0648441591557811,-0.12364439734823,-0.0719762636938981,-0.0498985599702602,-0.114434302044543
"80",0.143155554416446,0.040705892410383,0.0385703220855787,0.0411197327371949,0.161918576852724,0.10663701871661,0.154327080793974,0.17817655399704,0.145058704730296,0.232836470680862,0.147261944163209,0.160406925446721,-0.0572163679581468,-0.0464247668698,-0.0706136682436976,-0.00989927283532448,-0.085026758678437,-0.0662831031312692,-0.0291952925751628,0.136895709584168,0.0850314225587172,0.0346991965119171,0.110754089490713,-0.05709826799826,-0.0322142360354049,0.00523658103831931,-0.0520395745653371,-0.0575460690437341,-0.047230753657631,-0.0561084920557991,-0.0366035857997618,-0.0458631086222336,-0.0773032093916223,-0.0543843308019545,-0.00222701656208092,-0.0394906063307138,-0.0539718263994313,-0.0494052250812531
"82",0.242554964024123,-0.0454093834278813,0.0519346691718451,0.0512013885474831,0.0916068658489151,0.0595991824589329,0.0971177989903413,-0.0457586179819939,0.0555221445026507,0.016309072435893,0.0311669561503172,0.0483484407748565,-0.0479302817626521,-0.0214779301280945,-0.0939136107092899,0.094339395449681,0.00354489722862238,0.107649249810132,0.0381376794506376,0.0464497508197946,-0.0158551636256104,0.070288204774359,-0.00344550485302403,-0.0933917117185288,-0.0325825265071454,0.0681441476915616,0.00532341995960665,0.0111407014269068,0.0106854634819104,0.0105406484904932,-0.000604087251510813,0.130738338404712,0.0168880434627609,-0.0138140341442854,-0.0691007572584929,-0.000654204901535376,-0.0538607235226319,-0.103123181196211
"83",0.101538453694354,0.196386086389743,0.0544027591547362,0.052387662535847,-0.0584114754862744,0.025586862903681,0.0870785184094818,0.217234784829807,0.0691852520353957,0.0221647232717452,0.169953141268388,0.0902025809741383,-0.0749609019186628,-0.0556241733366784,-0.0756094313930626,-0.204816802971209,-0.239610997895491,-0.223860804181833,-0.206131005826044,-0.171108318373269,-0.16763936087051,-0.130105467195076,-0.0511833770789585,-0.00894047337645862,-0.016626682019493,-0.0931042302565378,-0.0439828936761519,-0.0971029994260554,-0.111736806822597,-0.177888364955579,-0.0542001087262431,-0.0780385145891934,-0.15537329054708,-0.0882909101257693,-0.140298444387621,-0.195988687660695,-0.0515823298691741,-0.140681377459662
"84",-0.0640243621211805,0.049905286794097,0.0560425156996078,0.060284334079163,-0.126601066040835,0.027910494052321,0.0256857372914136,0.106443876825596,0.0726659557463535,-0.0230226908660799,0.0977795784177142,0.0456772343841712,-0.0300982324452887,0.00971458285127081,0.0338825177273286,-0.177708727401521,-0.151031809135417,-0.134632419400243,-0.193841151922077,-0.131987993390862,-0.128786373170996,-0.127352017577966,-0.0713543364924258,0.0507295734935617,-0.0236583055339993,-0.0552265190249334,-0.0127422703123283,-0.0812189424730502,-0.0853566038436875,-0.1309463150366,-0.0459681243186557,-0.0736269456481349,-0.106196391821454,-0.0437088889033362,-0.0647785410166303,-0.134447506600514,-0.0080793971709405,0.103955051071011
"87",0.109008631379745,0.170834035554398,0.107425049865667,0.0809277923346748,0.0694975019173746,0.0499380106457355,0.094504698018569,0.156520100899295,0.134832393339904,0.173685161258262,0.165704119592209,0.177834406503436,-0.0470677668623612,0.0479774419421711,0.0380999329415929,-0.1334343944816,-0.0838259205797588,-0.0350090698131277,-0.0463370468244832,0.0908518536872363,0.122489070246722,0.0947607862598777,0.163692847238749,-0.107925962977724,-0.0645963783784712,-0.00712189221773669,-0.0622140527693851,-0.0653234539324071,-0.059234885615835,-0.0683490806274383,-0.0361106021662695,-0.0842685917963896,-0.0868628641896096,-0.0740975550278239,-0.0525842606192308,-0.0780875590612873,-0.0807549644158944,-0.0540438251503113
"89",-0.058110427182527,-0.0177311717866599,0.103582844987178,0.103758016362598,-0.0202773507467493,0.0289143387557636,-0.0143003143382677,-0.0853731363131833,-0.184752435220463,-0.06968515863486,0.0466115384201303,-0.0185713330026521,-0.0341462035171545,0.108061368059775,0.0659811936134749,0.00776729472038148,5.75324996605134e-05,0.0710976461621099,-0.0147386561874149,-0.0438454254357682,-0.0376305297829804,0.0741632568481489,0.0146954944249225,-0.0278606799171353,-0.0252543220340646,0.0238295746705828,-0.0399345367541864,-0.0765908890583199,-0.0728277501689543,-0.0965873903282054,-0.0407345136485798,-0.111295514767284,-0.0885608043855484,-0.0824364109250968,-0.102841583636701,-0.0994148520880843,-0.0974710394748115,-0.110203900125766
"91",0.193944447599917,-0.0411251261650998,0.0513997182199673,0.0447147267645812,0.056983259749474,-0.00968454649009874,0.0442797306107892,-0.0495982746114984,-0.158024787299111,-0.0723589153036643,0.0182136463196219,-0.0285066116275139,-0.0663660629040746,-0.0121511479831955,-0.078472903796668,0.0567119237135653,0.0283080976587558,0.109579452096517,0.033513198940806,-0.0299915297066187,-0.0773178126485415,0.0695052119392102,-0.0187143811945726,-0.055212396881076,-0.0311522614988647,-0.0600030077908324,-0.00199189156062192,0.0383716908052518,0.0214739298811787,0.00954914271798227,-0.0386022399890076,0.0559867052848361,0.0029108615754361,-0.0257507770892543,-0.086566112683501,-0.0145900838905662,-0.0668665423146929,-0.110415177407386
"93",0.180602424260207,0.0977215915726096,0.157474177479383,0.109936388391151,-0.0312464876355043,-0.00612263320216151,-0.0704058412977842,-0.0332984642976855,-0.125626379713065,0.000271950428946201,0.0383632429312087,0.0376411499500356,-0.0339398504675348,0.147920570661244,0.0713181847044377,0.0058364197851537,0.0365701337402872,0.0919483606565482,0.0847672964816145,0.047464046400474,0.125548762655673,0.168984467384746,0.140743170203885,-0.0486306083280992,-0.0414615636336971,-0.0337760175777261,-0.0101368735799784,-0.049203611119781,-0.0321725046836521,-0.0475119385852027,-0.0594075156704869,-0.119244532834009,-0.070969323141612,-0.085044517106406,-0.0937769048553793,-0.0747345248696654,-0.103585250364319,-0.0890220018955072
"94",0.191675208805224,0.0815562847073602,0.121085015908775,0.0916999099933558,0.115754921021417,0.187967723074723,0.0863472616222981,0.0102462218878614,0.0915489773433935,0.114873505793624,0.0647607494532155,0.122900510216884,-0.0392304006086736,0.0626020664003726,-0.0313475700034698,0.0673529800469388,0.00888941128925567,0.0815757212800474,0.111670867691081,0.114233806997129,0.145724303742537,0.132981591796666,0.133285664582108,-0.0796311479909616,-0.0443249624595135,-0.0135103402545996,-0.015343442366456,0.0201237238866363,0.00463404168466588,0.0035737367048161,-0.01292573051966,-0.00250775153989789,-0.0323782238398114,-0.0534307699292753,-0.0577360837926394,-0.0240873487084773,-0.0621471825118548,-0.0847424336218432
"95",0.0205063224668382,0.0345659179297511,0.0711671192000515,0.0697510126245265,0.0783378052833278,0.153138128694632,0.237459141049918,0.29836254803929,0.0966557136154024,0.236886189966784,0.275680048451463,0.244216215226567,-0.0487725853793861,0.00133520972969988,0.0153879165862611,-0.131973038108437,-0.233139668243575,-0.159391176702686,-0.174574995703853,-0.0132050425007036,0.00963490527021558,0.0198040099263202,0.104624638997075,0.106225130412258,0.0265846318929287,0.016168636451879,-0.0374723940565235,-0.078360707074056,-0.075634146026545,-0.114067936785454,-0.0310300074016006,-0.115890578531774,-0.118717413555126,-0.0850146220469439,-0.0769696806570802,-0.137614322572165,-0.0940672252886635,-0.111125497327763
"47",-0.079045616578024,-0.0999124198935047,-0.162913915111908,-0.168790361023388,0.270502043050613,0.316383923076825,0.29690332129637,0.240247024676726,0.131837304187362,0.222639816809649,0.0147561518066933,0.0770048132061644,-0.0704975974807548,-0.21599792096224,-0.150500609783943,0.104570369731282,0.0107954328757527,-0.0675849385582374,0.0645317459644019,0.187480021310587,0.0820439356094877,-0.115727032745229,-0.00906880515770403,-0.0694036168160115,-0.00812158571549542,0.0373399801964181,-0.042371037281407,-0.0524515178731031,-0.0588669475810861,-0.0503586901288931,-0.034506125468501,0.0490908496419298,-0.090425737390731,0.0102946175149148,0.294178254331751,0.143512992536203,-0.000248670748853429,0.0924421156288496
"16",-0.122075508989655,-0.105943548187281,-0.158643502011207,-0.269499642463727,-0.175771059614319,-0.305521160184378,-0.31046033774892,-0.134698599133243,0.0329538164067701,-0.122256191095019,-0.281359460936238,-0.152761041270799,-0.061691684732197,-0.158768590795889,-0.183089744116139,0.039209440347239,0.136608738536455,-0.0536646016035876,0.0763090285505806,-0.00821069773474906,0.0197680546027117,-0.103296781377186,-0.0974240485627767,-0.00294339702081125,-0.0182528598473626,-0.240708845075572,0.0714204220195992,0.8097116831972,0.410131175454752,0.408518066676544,0.165516798703636,0.311457962847278,0.257300726727263,0.0772255058523413,-0.0638120855078593,0.220198394495298,-0.00126217345761531,-0.015393025726175
"19",-0.0130979268370014,-0.000286486718489749,-0.0302616561597955,-0.0496819196207608,-0.226544931690504,-0.154103078201076,-0.0355294550363016,0.115444816208706,0.0030642662517263,-0.166530022359468,0.0110283788050365,-0.0765462101735657,-0.033718359478002,-0.143596012845772,-0.106270042945281,-0.188599959756863,-0.242145585312259,-0.326101188167763,-0.302262251382054,-0.356984071376624,-0.292844215234455,-0.310104527496344,-0.235509924328873,0.48620756772435,0.153120181755019,-0.0102581145811001,0.0601359131472644,-0.0373289529991907,-0.0573732708522266,-0.101032464355908,0.00167398456167884,0.164162720373855,-0.0026394710095363,0.054110565777798,-0.0262346883099993,-0.129146738806763,0.00876025102728034,-0.110367680638593
"45",-0.0285705445784234,-0.0844795410522305,-0.135633915125934,-0.163587916072674,0.072332932407049,0.0551066390427204,0.056913707000803,0.10028915927627,-0.00424453453830549,0.0647435450196677,-0.0714125824495723,-0.0443739626484319,-0.065171249666964,-0.184611386275743,-0.131742635649872,0.0716712703800718,0.030228524232737,-0.0844219964296955,0.0209024894265564,0.0602322279207452,0.0388580270802367,-0.104796779820072,-0.0294870054296814,-0.0198733545767483,-0.0358187535495232,0.12479310808517,-0.0343490219050396,-0.000218743654280793,-0.0320609845648267,0.0352015780750583,-0.00293640063769707,0.173007737394144,-0.00444765379140224,0.080422596705556,0.253720995526961,0.164519039492458,0.110374800610905,0.17143510669521
"8",-0.0600884261316023,-0.0979606262194108,-0.132942953507377,-0.158708509650014,0.119238161716147,0.166998107397829,0.0896986234784142,0.0232816376833224,-0.00261631495679031,0.0726193500629405,-0.11121901773682,-0.0505175889282165,-0.0501104835049953,-0.157123561914492,-0.133800110921228,0.120723587151136,0.121428046600895,-0.00226597348666063,0.122620188782112,0.10750828052027,0.0769509423389095,-0.0881393923285299,-0.0378480265525413,-0.0247515572763533,-0.00952132396068896,0.228579043072061,-0.0209282579807843,0.00857017106724694,0.0159818099982429,0.0666553001536851,-0.00817788801195795,0.102362596614872,0.0441448751465311,0.0832782034391567,0.277183573621953,0.202147284083845,0.0767386778977626,0.167605330594099
"1",-0.0398364467057714,-0.239542645328368,-0.116358626893814,-0.13339879281177,0.133688355242655,0.227618851106586,0.133812217146063,-0.0182036483495805,-0.281536267793296,-0.100306859493057,-0.126061043914092,-0.229688680829378,-0.0682281859564508,-0.155224712040054,-0.129547447811407,0.176679917163408,0.119792840869611,-0.00357111601546405,0.0709194355083122,-0.0223430036265369,-0.12417763801025,-0.131143984146548,-0.156849853619125,0.0390991187989627,-0.00667246604768573,-0.0435853240587992,0.0159048172399292,-0.0158779990255804,-0.0193773845896502,-0.00345832248073285,0.00236973598413533,0.00520901281259834,-0.015500409177955,0.008891172594325,0.247364014914125,0.131693929318747,-0.00128684062395741,0.016640683260317
"34",-0.100367214408069,-0.220295757861382,-0.168690334399276,-0.242537848727875,-0.0160937162787552,-0.123418012277962,0.00478382269840586,0.0735978386348042,0.0189433295764948,0.0176207711388959,-0.0747495411271722,-0.0718441668490779,-0.0538786743997645,-0.221683805454677,-0.140356465946734,0.00956428276052941,-0.0539740603722314,-0.0574130073357046,-0.105175801908054,-0.028467792811968,-0.0853312118984029,-0.129355048936524,-0.175044980156535,0.114217311945975,0.0192125519923777,0.285703262476749,0.0239489299714896,0.106757511503315,0.0564218008756545,0.143076835437924,0.0646187175571187,0.299924883689859,0.214426490546388,0.323673843360519,0.0991202620599745,0.16355128374533,0.434737673349152,0.098891665284315
"9",-0.077540205279663,-0.226278955787378,-0.143860925557354,-0.183986803252107,-0.0133901861982856,-0.0376685273856035,-0.022985238457541,-0.0455063320365485,-0.194591749523786,-0.203253413082744,-0.204299640102805,-0.22398854185402,-0.0514278437367101,-0.181384542852379,-0.144649404902189,0.11390489089319,0.150717832051063,0.0166379528151692,0.0183227271065888,-0.0645495664884937,-0.144618377747809,-0.154937775261159,-0.21462623901338,0.127568211097012,0.0485533891217264,0.0539470199631991,-0.0188684534398788,0.140507711907502,0.094907897413298,0.126432312784034,0.0139182271563897,0.133839970220303,0.0845703910734127,0.0252952543809101,0.198545036990041,0.177391915300143,-0.00474563760630309,0.0167845962910254
"18",-0.0844042625361216,0.00169844371813446,0.00710926113190836,-0.000960930121188429,-0.104752498534066,-0.121684694139842,0.0152898747304379,0.146545562898393,0.0439960501360755,-0.0465251797519265,0.0681540502782539,0.0198792117536233,-0.0423047812556738,-0.0813947672530622,-0.0432085572496039,-0.115111756498378,-0.155178618522085,-0.140353381683799,-0.193518779861838,-0.115917686540545,-0.159130043257181,-0.118538538502634,-0.110899238041846,0.0282148662596535,0.105655316912513,0.0595718569664375,-0.0186917867927114,-0.0447402508393201,-0.0639290494894486,-0.0733141206631991,-0.031588027094075,-0.0362505419856839,-0.0317538534998289,-0.0362581410108859,0.0177695468254808,-0.0757269222643273,-0.0607593959809147,-0.0618839587170322
"2",-0.148276471183298,-0.139597808247778,-0.186357839491884,-0.28328701961442,-0.127049794670708,-0.158384721098464,-0.148305904869225,-0.172401060848059,-0.304143670002643,-0.187778877479675,-0.247226739077145,-0.320661973355331,-0.0743437650640903,-0.237029409093807,-0.167201636944724,0.0192725300622286,-0.0217024580034389,-0.124230191240739,-0.118482537511514,-0.201728558624934,-0.185675905679654,-0.194389631897176,-0.229729398350914,0.0520115733610518,-0.0255657672993886,0.016501574367623,-0.00612564466986697,0.122920641889113,0.0331706177538688,0.157742747562942,0.0790304447701376,0.245211990257521,0.360878282230829,0.480211679101464,0.0210578707623466,0.160240481095301,0.199686572063878,-0.018110973862324
"40",0.0331191506815242,-0.0127983537699228,0.015131586710046,0.0078817893355552,0.0639277439568747,0.0518258321900372,-0.000575327702777977,-0.0519119246743456,0.0753765762505203,0.111549682709428,-0.00814073977495408,0.0513607317519548,-0.00800356425255444,0.00462642645362672,0.0164811782700494,0.0408140593511321,0.0335634227983749,0.0686496939673961,0.0891829827036895,0.109945904616408,0.139632917093415,0.0755752973442327,0.106351666462102,-0.112250471352093,-0.0433256653039806,0.100980839504136,-0.0101297770890254,0.0767964808940258,0.080151678188978,0.121402395015639,0.00277382192442109,0.0246689990078783,0.107848073094138,0.0651191073522327,-0.0102497044449426,0.078465902909622,0.0463368289991824,0.0497464482071693
"33",-0.0225057555955943,-0.101961863907533,0.0269788819737138,0.0519513803643663,0.132788120090355,0.0580193087144368,0.081576759096337,-0.0586677847711948,-0.0614712478030521,-0.0208791192849357,0.0264706054480087,-0.00025847434830202,-0.0607768500744792,-0.0200666798809642,-0.0415002258924159,0.101153746010662,-0.0168106652289215,0.0500393685253388,0.0192551554427029,-0.0208878144507434,-0.0572578518702631,0.0215577257707631,-0.0240144425421067,-0.0791031561574371,-0.030419231183638,-0.0369698664052961,-0.0548563614267149,-0.0312045377415751,-0.0559534599264604,-0.0470449682171342,-0.0539944048316569,0.0347348201671386,-0.0371917910695242,-0.0267561418617652,-0.0760569303341479,-0.0254091722696248,0.0282264907743922,-0.0098497245138072
"17",-0.0761552957129185,-0.0391969988117784,-0.0909082136707196,0.0260852988488167,-0.0399819277878582,-0.131488532458869,-0.0920455612096244,-0.112888506176606,-0.107573644205945,-0.107686650678046,-0.0868812660924752,-0.10252917090126,0.317248645086259,0.118944759082569,0.220262165579055,0.0787778448337869,0.0676206017155934,0.0749152994358052,0.0712294101719742,-6.03488451790652e-05,-0.0184308146610325,0.0314693825885654,-0.0453175697881936,-0.0126178060759216,-0.0128417799082491,-0.111111732086475,-0.0085643947466548,0.071114536299776,0.0544803255596409,0.0606143754653311,-0.0268099682365575,-0.00123136190082095,0.0218413673159283,-0.039790637025356,-0.0599671637706852,0.0225963742460835,-0.0591808711463935,-0.0655263383822346
