"","M19","M6","M14","M37","M29","M31","M18","M32","M33","M27","M34","M38","M26","M2","M3","M17","M28","M11","M35","M5","M4","M24","M23","M16","M8","M25","M9","M1","M30","M12","M21","M15","M7","M20","M13","M22","M10","M36"
"22",-0.117078768598405,0.134486528850857,-0.056491859901567,0.163856782634704,0.1027220646367,0.111699942605538,0.0953254362304782,-0.0265231835332647,0.0442458477960474,0.115532458562389,-0.0405927389180077,-0.01172393686283,0.137087275943112,-0.0232280549535337,0.103765086734423,0.0204758496354106,0.0588660772560582,-0.1107859968383,0.120145237238915,-0.0219910346689699,0.0342135411904068,-0.106548519677583,0.0748653633907728,0.0109772391182871,0.0770314381673506,-0.155848958710048,0.122498814846852,0.287874343097369,-0.00243084593880449,0.0497554622139301,-0.0526552872574106,-0.0234589658150054,0.0249156799011981,-0.0585659523044063,-0.000370942747770874,0.0652604157473846,0.0850956876487306,-0.0637784058625697
"29",-0.0641350371466285,-0.088666919128092,-0.00383193048662012,-0.0833946041298398,-0.116893835267009,-0.00624670606039779,-0.0839231759791913,-0.132170166843443,-0.0917721867504988,0.0418280125779019,-0.237051433796152,0.116091166297724,0.192345930828551,0.324871482175599,0.171999411569316,0.02056179433329,0.0561156084268907,0.106384086695851,-0.106843964612016,0.0319775982062483,0.380241234319512,-0.0516021756039934,0.156180283828104,-0.138934799615468,0.00630890711269638,0.0443058067568098,0.125358840473405,0.469998639168146,-0.0801623739838141,-0.183731172517478,-0.105348803295684,-0.019432927854402,0.0629425864304127,-0.168022612049343,0.933734983830188,0.0113840534966742,0.225538474154404,0.0759964042156217
"15",-0.152482956882993,0.216401987155563,-0.021086310256336,0.0520801609254769,-0.0363623008065679,0.0415840041219736,-0.198798447906098,-0.101293936059873,0.0267421234910677,0.0148383198819737,-0.0319803267461319,0.0167035783499112,-0.105593606144095,0.1228161948435,0.149293622555039,-0.139467027618283,0.067434226385228,-0.135718376799995,0.0100970392538467,0.160228593484504,0.189264715644834,-0.258366189130415,-0.0579471352431638,-0.21601251964078,-0.11275349688273,-0.18562904136009,-0.0752649809155907,-0.00911551508337533,-0.0778611241526421,0.370649868848211,-0.209320224230146,-0.0344432708557899,0.17483916042501,-0.289788560318927,-0.0376084667867513,-0.0945198700646431,-0.0125602868314089,-0.148189287434206
"24",-0.167257251083576,0.122559759617573,0.074513036995145,-0.111569681022938,-0.112003229097857,-0.0307302079917784,-0.118474221112037,-0.156811412978915,-0.0256810195095156,-0.000752362221472067,-0.122123794023856,-0.00726660798695553,0.0453712788776086,0.314241055960445,0.180087316365784,-0.0989690215053961,0.0358843089403673,-0.0946419910020006,-0.081547581598853,0.348586263811982,0.378796914040563,-0.206975027216284,-0.0205611973720552,-0.175262597351353,0.0865214897049089,-0.157197810298508,-0.0154919344035724,0.0976661754814385,-0.185186675103678,0.161295591089087,-0.217619559729041,-0.0483806787570992,0.230367585478176,-0.27424084540677,0.0605975198901596,-0.109341947603866,0.163152971656007,0.0382094665594293
"36",-0.00608483312587119,-0.0519602502426313,-0.0453129869015222,0.0552506838589748,-0.0321593702365997,-0.0616406413000952,0.511661190615228,0.0923120765029126,0.12923809148012,-0.0839322405366152,-0.104676665555819,-0.0421368830534612,-0.120792333677548,-0.057843547841272,-0.0345737478274286,-0.0594750790059531,-0.155579999047498,-0.104185382729058,0.0351902392979442,-0.160769069908757,-0.0879809920339729,0.014934013853852,-9.81431268315975e-05,0.141385451633092,0.0242026569167017,-0.0999452327960577,0.035113528597615,0.0034105633922119,-0.0290269235368657,-0.0955108870044075,0.0856854003900365,-0.0661253957094549,-0.194928273554331,0.0717186109151184,-0.0473160073173656,-0.0314907110195158,-0.0015793860423602,0.034259322673654
"5",0.0825126616282666,-0.0767949363563976,-0.0243228854576452,-0.0606793761419802,-0.0753617690721698,-0.00768937158859277,0.0910377049841763,0.0360497809412655,-0.0251191122205764,0.0887783741325529,0.00987407211516856,-0.022449492251737,0.0191008744208867,-0.0224616616853342,-0.0727909057468723,0.118953279491564,0.0519173240380447,-0.096249267672538,0.0204380013507103,-0.0708290872733724,-0.0341659921574983,0.0973119305953095,0.299237297877852,0.245280647257292,-0.0487975608152456,-0.0290544986794807,-0.0564590258295848,-0.0734004765613741,-0.0582066570736057,0.0441220306703232,0.13891653086871,-0.0684912698328056,-0.0574276993650341,0.142443812762087,-0.0278672877715751,0.188205265310558,-0.0435404872165073,-0.0315007042813791
"20",0.0600187932803403,0.024693553880417,-0.10949453649024,0.155427792403376,0.148038452527669,0.0967190065056269,-0.0143686970902484,0.094815360632382,0.0517814722186042,0.0141934930857007,0.0763912931696711,0.0550203543851437,0.148238310230076,-0.0685646964461044,-0.0265249526993241,0.173832874148438,0.0206744303925307,-0.0998869269598917,0.0761938160898626,-0.126512272531919,-0.0900637475947936,0.0102117298025338,-0.0228030371100949,0.141408630325478,0.0117359802880834,-0.0812581072629067,0.00432180102463856,-0.0281944767070192,0.148400454236583,0.0421734790763097,0.113041847577191,-0.0794651209071905,-0.118360576179357,0.0838530616513329,-0.0551889169635438,0.0122145721300955,0.000801636287221258,0.0419582277650943
"25",-0.0552834149885851,-0.0671799331394455,0.120839960127229,-0.180705640747945,-0.25662674346247,-0.21273963247096,-0.0774630160529624,-0.246618080153481,-0.117247714662751,-0.226714638386362,-0.232550217712743,0.0200006882526366,0.150402450838496,0.0859605765015969,-0.0349311810414121,-0.0314714572313541,-0.173021936930645,0.0223891256036867,-0.234351781673622,-0.0440853734821953,0.0335452562236783,-0.0870425996847366,0.122183835053691,-0.0912597356815151,0.210891403415751,-0.0262603504857304,0.0445152054910874,-0.0760098127486541,-0.154716165647571,-0.0396536767368496,-0.246611826104836,-0.0166921137305802,-0.0277242876829103,-0.0992772679146106,0.0273341547031961,-0.221816147184933,0.119970937353074,0.261222152249111
"3",-0.057396230440527,-0.0735896890772506,0.610025430822887,-0.117613317702156,-0.187099446115855,-0.289457308791469,-0.0751198369351767,-0.164596715739638,-0.176664251449436,-0.308714865732445,-0.0775882550654868,-0.206346586379277,-0.343432199094638,-0.058068619647091,-0.144482874299502,-0.327222368411713,-0.213075384179698,0.0850317469666696,-0.24026171257795,0.0657566323972495,-0.0517000142653062,-0.017156210500966,-0.256683965139907,-0.101216699526611,-0.128665508231673,0.0617047981949531,-0.0769403846768636,-0.149083358870898,-0.0188509111771889,0.0689065958842165,-0.12901108675855,0.952764253643078,-0.0409472317208377,-0.0125640283922653,0.0271274577029723,-0.266783977178409,-0.169247756550599,0.021618607596352
"31",0.345357994164707,-0.120387960729483,-0.167293563134541,-0.21265516174471,0.0156148942461769,0.0870283994548932,-0.00668490899142352,-0.156934298856901,-0.284225509459318,0.112531279463384,0.0795474442996658,0.268169311959242,0.229897749791325,-0.0914456817129944,-0.129544194891054,0.285408354065401,0.379752102846624,0.116699685462806,-0.186852877866704,0.32594411958007,0.0171568064068837,0.0596064609775497,0.143234834855201,-0.0360428500410342,-0.146679345053088,0.160769219694102,-0.129154629639265,-0.0613859288534576,0.162593728740065,0.179908537881048,0.0829599515504421,-0.038383855802403,0.203966319079893,0.113331996668207,-0.0493687695223799,0.20123946209329,-0.143610869927834,-0.185875205687887
"38",-0.0091811740133385,0.105170436878139,-0.109124557624174,0.0691503734981514,0.109836078655381,0.128788440220967,-0.102700811716011,0.0182053317539794,0.0768237367234558,0.174503026451484,0.144111797247175,0.0173568120870636,0.156511953921045,0.0166580294828897,0.0738258597743826,0.097549069570148,0.182787304440738,0.022994366893933,0.120307220852742,0.0447960741610935,-0.0260930421760623,-0.0295261293817578,0.103076545664593,-0.11947884596457,0.164810419963138,-0.0372274878953536,-0.0155555683648085,-0.032448806244579,0.0709536258311004,0.23036678218111,0.0256564909083049,-0.0263717610500614,0.0344768049159284,-0.030405590606491,-0.00307774718483395,0.114035867603115,0.0739980957318502,0.330606092009984
"52",0.0278173622331692,0.00684646827608085,-0.0113927336866029,0.0178720747609709,0.0738012466541909,0.137970429421253,0.0173001069441695,0.3436438002607,0.198317447062876,0.0937855321382958,-0.00461107840604721,-0.117283673168899,-0.0875576469341092,0.123245847059084,0.0773783765263659,-0.0712059019592896,-0.0144738623206992,0.272241725610641,0.181410221223626,0.0867625388742159,0.0316725420033366,0.261512946709871,-0.0607575033416242,-0.0151698888716543,0.0040639589624281,0.286191667249992,-0.0538328485454943,-0.0969204344920793,-0.0895226412306263,-0.0647846601370707,0.27312466072319,-0.0166655550374383,0.123781964605409,0.132586922533063,-0.0146714687456965,0.0945735967715992,0.0528112884127106,-0.0446836558172035
"10",-0.0609784284171832,0.00214520075180172,-0.0165409039693863,0.0314844536845627,0.00577982402284259,-0.0675418386745945,-0.0816590837583335,0.0435278585524661,0.00928878690354232,-0.109277823744186,-0.0293198925644651,-0.172304099660029,-0.250967723476952,0.264473234524045,0.100488309166724,-0.184662659558717,-0.058828962231218,0.0185263717193043,-0.0247508561681535,0.357600062979173,0.257073637671928,-0.056466424891026,-0.148355053726239,-0.134854568900882,-0.0450496710111191,-0.00426042467394466,-0.0094460892632564,0.024459341601514,0.0112258208718129,-0.121092328569025,-0.0169361071280862,-0.0159702299399483,0.232202298633111,-0.0656710526617659,-0.0242260759789924,-0.141631081983986,0.0732443951473797,0.0112917500935153
"4",-0.0908637025421715,-0.271295611689039,-0.0187432671921493,-0.236442826729884,-0.401009530621714,-0.277574866015509,-0.155561428586322,-0.0405252706205182,-0.150193598237384,-0.118307852626808,-0.151969407698785,-0.466587645197287,-0.156565484309103,-0.397752506609028,-0.413730643527022,-0.112501048828697,-0.307397531328019,0.462921243855801,-0.174674005244677,-0.142323411348405,-0.208771325415663,0.333766426122736,0.261344452190082,-0.131658223440635,-0.247118910392118,0.409974110885359,-0.154377000318153,-0.245819529925111,-0.33795192790359,-0.417390606199299,-0.0114419720910066,-0.00884469629768965,0.0553071001675631,0.171725829268596,-0.0995163981915939,-0.103170947264266,-0.373524107243319,-0.191893333791726
"43",0.0471297337741206,0.0882415609085737,-0.0690082963441745,0.10089246687846,0.124400896144218,0.0968155137681369,-0.00751159976660437,0.196179318441987,0.100351559944138,0.0274659634178468,0.0945555699479527,-0.0144122184443948,-0.00455584555189064,0.0421904809919198,0.0877404169591546,0.016186782479478,0.0450724061279104,0.152588941022908,0.0762314544749468,0.150761118432478,0.032569991012086,0.0743288016380086,-0.176283765343212,-0.0681813814494797,-0.0125174071491752,0.146627235859761,-0.0288091068169231,0.0927447714252447,0.131319724927527,0.0506841785057376,0.0975375831290174,-0.0109567450034117,0.247508302103395,0.0571940972289146,-0.0433601455944646,0.0219377225907538,0.0173873303207177,-0.0166807182692607
"46",-0.083738651297275,0.33480392386211,-0.0509655692332807,0.192003629903347,0.2219087963897,0.195835268644984,-0.144043548567385,0.102359985159163,0.202375741215459,0.155505008632091,0.256655265572059,0.135460438356651,0.18780656010736,-0.0540988451382562,0.16690899281456,0.0428849832077278,0.109235507754341,0.0199196430855398,0.210899864480331,-0.102143293801508,-0.0926523139528213,-0.0836643978425052,-0.0915252693808542,-0.142105562763307,0.00712872129251725,-0.0409536318736108,-0.05222524948345,-0.110798859620392,0.203360801274988,-0.0805923943426506,-0.0133018310671548,0.0337321282874515,0.0529911107344383,-0.0994174349063334,-0.0159478322317421,0.0229800932472603,0.022547576587186,-0.068539152382675
"28",0.0772688355057336,-0.0614260314514164,-0.0938343725518236,0.190628232732435,0.209371074849589,0.120012313888053,-0.108625613087377,0.146819567399363,-0.00391890572125958,0.0416956521505899,0.19299148286201,-0.0883651196824992,0.0544198678622685,-0.05828949405525,-0.0404236068238491,0.117909451476062,0.135403984344524,0.249360736628814,0.081144043749012,0.0762057185231073,-0.0764795473043232,0.159231968445413,-0.166273710898339,-0.129119827983572,-0.0952826968972019,0.227069556952556,-0.0973110860715907,-0.104330837071582,0.181707812850641,-0.0245222610710316,0.148310972843312,-0.0488658930927439,0.254480548048455,0.102572876582906,-0.0461913641691213,0.0293120638653027,-0.0989255983800949,-0.121372954183689
"23",0.0365654753403976,-0.0401195208153132,-0.0868512993282771,0.048545220765847,0.0947735805759444,0.154986751048614,0.545901769246126,0.12395082264499,0.0903498940949863,0.177687696092637,-0.0405852563740993,0.0313566287981666,0.0955072046036062,-0.0617600828829693,0.00995361166212129,0.11302558855849,0.100229811684148,-0.103841152818363,0.167083603215256,-0.118714237206334,-0.0984800251646767,0.027950780015903,0.105669151949995,0.183362458284127,0.0323543358387128,-0.102299147549833,0.0309557716843511,0.0844438794409027,-0.0317435746445577,0.100750454259223,0.174677873541382,-0.063463065333546,-0.0868369413727879,0.102821015302745,-0.0405768014007825,0.19451026431841,0.0282159607303259,-0.038514033500869
"32",0.378759158767178,-0.158503605212486,-0.0726471690802181,-0.288353335133271,-0.0331711375788371,0.0086729495489892,0.042674078366432,-0.101202202810885,-0.232124152688872,0.0869610586079921,0.0292664117818207,0.312536690066652,0.116447699400222,-0.195462848844972,-0.238430516985883,0.301833451049649,0.245797177589886,-0.0912549946984214,-0.15608118031473,-0.122502763864909,-0.15600451857043,0.107300845172284,0.241752569746629,0.248662707664318,-0.134496048518832,0.0961062463347878,-0.0848871713618251,-0.0701297058626262,0.101836533763888,0.044563330112812,0.0937905849468861,-0.0569878901860264,-0.144726340737421,0.192590107970968,-0.0855468445010344,0.265650764122154,-0.179259206978549,-0.0917387762831902
"37",0.186286190200468,-0.0805814340381233,-0.0263626893777576,-0.0280932333771604,0.0524526995088132,0.0577048347679375,0.0238394122507942,0.0826707216145658,-0.00605585878470803,0.170445264864899,0.143277420802557,0.00916019094441322,0.0964104224541797,-0.114429969861411,-0.152179538060885,0.173300605511227,0.104547708524666,-0.0754280105273088,0.0923146726596701,-0.136683826116304,-0.120383010440356,0.221046117271309,0.206057190025629,0.28998906890128,-0.07237873261759,0.0819486458162065,-0.0813491155283272,-0.180982043135143,0.0431984676647024,0.0446122239247679,0.200866783732584,-0.00668683190123573,-0.123667765296676,0.213436113595494,-0.0558140748002535,0.285581194417159,-0.101181639606072,-0.0866014492706231
"48",0.0504607332231013,0.0343252247606552,-0.131049552407692,0.146350304076172,0.257284352309284,0.259989063700328,-0.0938239002882023,0.109968166809048,-0.00592337467020433,0.248386946566303,0.195138906605039,-0.0251433410679525,0.169303178232753,-0.0578756348350711,0.0555069713744585,0.157429139651673,0.289786600060652,0.162819786125727,0.15372454050862,0.175345412796071,-0.0317334049422312,0.0860727925744277,-0.0116562095972778,-0.111744515708279,-0.0825220420555461,0.14972523782919,-0.085655603732646,-0.0292572927552332,0.170860268351546,0.0904114895673287,0.142539898047278,-0.0563851747234373,0.376589608358619,0.0530840047993751,-0.046695027443903,0.208044752842396,-0.0539235866442634,-0.125131734451438
"12",0.310364545922061,-0.253260158958751,-0.0307910328260355,-0.292345183483698,-0.20637373326617,-0.226074495150543,0.00439720518794356,-0.270735656142761,-0.348567496306226,-0.222259398638297,0.0660402806420885,0.267984279198977,0.0963921876476734,-0.200062775894166,-0.327569149286425,0.218603632698763,-0.0434435442008744,-0.0852366898143214,-0.299617161994025,-0.147031924691461,-0.152466172757008,0.103143932676654,0.174161385366646,0.260533689721937,-0.143111028123668,0.0678568639364166,-0.113043037867607,-0.127987044112724,0.0906116629279636,-0.111686635833663,-0.129107779188044,-0.00869274558702205,-0.278660873400185,0.212898525393281,-0.0925035979685108,-0.00766749761154848,-0.225659360012078,0.0130926945117593
"14",0.132762053056936,-0.153057454502553,0.356809192874564,-0.457971286752533,-0.293178118300535,-0.354366137583462,-0.0167740835208678,-0.298381068209018,-0.240800905730759,-0.178872700434781,0.0193331219542383,0.204026306832855,-0.169630989224296,-0.163641229260907,-0.261188715011639,-0.0627196817568959,-0.134303176594916,-0.0786513387488003,-0.267563214871626,-0.0916010932733774,-0.103675621470114,0.07969657956968,0.270270815095117,0.214798487543414,-0.110337021505662,0.0507769432915479,-0.0620283462665853,-0.0984997808542764,-0.187391895797325,-0.0934408671300464,-0.212005275244755,0.0266454672973876,-0.123739138363748,0.128405786888284,-0.0327141152895644,-0.016457799914833,-0.187926596331956,0.00425573298479997
"35",-0.0576897507798043,-0.0865433196112124,-0.0498540494677321,-0.0372518288990929,-0.055975472547488,-0.0875256555683903,0.343483912283914,0.157413377575368,0.168278712257791,-0.0783061189932456,-0.116560859266947,-0.17739493434814,-0.270819135414233,-0.0767470006978968,-0.067483804532033,-0.201784355546596,-0.286991486477802,-0.115616512936103,0.0608316051253747,-0.183163664452308,-0.113399661698036,0.101458371337582,0.00574377346046612,0.193202339210255,-0.0468597229145658,-0.0413119585671054,-0.0574167754128538,-0.206606521823962,-0.221387566190409,-0.176347658288329,0.173640106737498,-0.0506897705267326,-0.206271980545821,0.112559066489554,-0.0669490512179951,-0.0469257946140063,-0.0637200068377418,-0.130668131489263
"50",-0.0447848977355749,0.0908559994658794,-0.0406697469674763,0.138033941906142,0.0551402736019705,0.0304231114041273,-0.0140801530436147,0.0886540425920178,0.115716263535473,-0.0459877604082042,0.0763560019974408,-0.0599153134523704,-0.116214103688679,-0.00552471117613067,0.0395158670251524,-0.046057784793055,-0.0785905218761361,-0.100804244988252,0.0338850132507428,-0.0655081531645449,-0.0410361128788842,-0.0587908654501616,-0.116105720690197,0.0562659663330241,-0.0332583224001308,-0.116204741032848,-0.0679021235000844,-0.153123635527148,0.0477881716410659,0.198647069321744,0.00419916911074574,-0.0512374656224282,0.0268911765748634,-0.00628332223007659,-0.0455659173557771,-0.0647796755603514,0.00139560435990628,-0.124378419134624
"6",0.0177872321520181,-0.0647167006673992,-0.0533102434805893,-0.0587244780821476,-0.0636994588469892,0.0948095962077794,-0.0746368724140873,0.140637948808017,0.0558010125535147,0.210287940009145,-0.0190946476818473,-0.120595256052197,-0.0388164553113949,-0.0980825529472518,-0.0611700444288953,0.0293409952679729,0.0593366316883004,0.424546624823588,0.103330560373252,-0.0284686420031802,-0.126462377825099,0.328015357577782,0.17318806162718,-0.0663225366290327,-0.0748818188954855,0.390488352204444,-0.100054821873776,-0.144402836551581,-0.186359991841559,-0.117693772962406,0.184933633134997,-0.0236683975911275,0.0800562921195449,0.149509066185426,-0.0297858006083623,0.19834860018929,-0.0878586226725914,-0.121527940607755
"21",-0.243666242112605,-0.0690107156745344,-0.00762573896672725,0.136885938793181,-0.0503455897623978,0.139923160212448,-0.0656620237436567,0.0432780545944543,0.280855950354062,0.170542873355306,-0.166418851000483,-0.15020564474244,0.123443497499802,0.206699034390951,0.176879062449552,-0.0556131670113605,-0.0595475603520147,-0.00535513917056639,0.196384654043727,-0.133971855494339,-0.011021151958952,-0.0461493777793154,-0.0194280555189483,-0.11605412528726,0.587401361760282,-0.0998552975481222,0.22610999545077,0.0680610426053763,-0.224992781550106,-0.12551199238408,0.0260586924685928,-0.00794866557673049,-0.0806969108447452,-0.14353831786524,0.117908189812496,0.0257777286082291,0.426198207304275,0.623109728282215
"30",0.0849043297751339,0.0142556377381752,-0.00895500182968105,-0.00445568055622913,0.0186894678543737,0.0764728696054445,-0.0247757509492396,0.119327755263404,0.0755349175904209,0.152061475883629,0.0559909799751792,-0.00729496037238686,0.104681110461726,-0.120753506685564,-0.0686369817961618,0.102272563558237,0.0191146418357431,-0.0795505435483061,0.104886543029507,-0.129600548538842,-0.126168215007896,0.195759430669638,0.135809115445867,0.280376731217361,-0.0807728260506514,0.0698594679693807,-0.0588321139177919,-0.157274136270185,-0.00425603600331568,-0.0169374769707189,0.178613961539463,-0.0125340953976767,-0.058845421528478,0.172956756863304,-0.0438531502006737,0.229852934956282,-0.0742585432731202,-0.0474565497933343
"42",-0.117304660689304,0.255355278356037,-0.0118486564746532,0.148923117612423,0.0749213029140952,0.121461735761852,-0.102605731400823,0.200480039712213,0.231640987923391,0.0489751961708563,-0.0134157448547752,-0.00845634900664646,0.0658391296686938,-0.0116355623950561,0.127862866249202,-0.0376605461677296,-0.0989552054632783,0.16787208750285,0.156223591058394,-0.0306493546556976,-0.0509053496603105,0.0631066114645614,-0.224137750627188,-0.123360131413717,0.0284541147008551,0.112806590864628,-0.00944164138822274,-0.0480783634987734,-0.00451937983813878,-0.047680866497088,0.0385435779233097,0.00841536580401524,0.141573998719688,-0.0273822126692971,0.00173823853087231,-0.0300621421443613,0.0450234641696504,0.010106362170474
"75",0.104892758017161,-0.0266391000072745,-0.036591299207229,0.0960293311977977,0.129409365657527,0.0181387826445388,-0.0593126866807678,0.106948888165252,0.0416054609781989,-0.0356895398601627,0.189078360002314,-0.0412823759621107,-0.0228016594621393,-0.0893156678141435,-0.0769811149409234,0.100971078939079,-0.000449960577208752,-0.103836467868586,0.0450030136643847,-0.111625836651932,-0.122964368063462,0.0442554705611219,0.033546218981136,0.16628263338661,-0.0630075787554731,-0.0384426031378839,-0.0585760814339562,-0.0293773548774407,0.192369255528848,0.00307606208275405,0.124251920502409,0.013715774934261,-0.178436582116066,0.124346084028213,-0.064544867653037,0.0138607689145206,-0.0978397881176668,-0.0376585034925204
"16",-0.355603763397052,-0.176836789781896,-0.0454087883964385,0.0347966483193802,-0.197639979190914,0.0158582224478713,-0.122714525360735,-0.0514825196900716,0.14949784903393,0.0650106247781735,-0.397029763283737,-0.168654068520526,0.0866524311685269,0.253532520918265,0.224575423617865,-0.140783691671717,-0.123629682466246,-0.111318805142751,0.103820016659066,-0.0678882174902147,0.0314857985080528,-0.171225530195551,-0.0919569128889704,-0.154023430163347,0.543473670835088,-0.212229653694007,0.8493306208365,0.334292823799238,-0.424649450786147,-0.339986761587499,-0.0848018875801255,-0.046649357800168,-0.102518726539465,-0.306801994502464,0.15713437878119,-0.0765631793154327,0.4633231104873,0.308237496085217
"19",0.116757022764157,-0.125401832463381,0.529373083862539,-0.258005564150842,-0.261212866910486,-0.430739542934539,0.0842306665590199,-0.430145893418289,-0.361649646857083,-0.387778115549895,-0.181290823114187,0.223225119453463,0.0450764542263904,-0.0626742395893082,-0.244556554409898,-0.0169134825258405,-0.191298564513212,-0.0811673240476667,-0.397610618265666,-0.0583447329189004,0.00735611150765102,-0.149975585290096,0.0514752088983584,0.0624457188760986,-0.101326597391492,-0.123660769395365,-0.0691777225778296,0.145368729986972,0.00248111692071071,-0.0518031697878409,-0.417035162777604,0.133943420957531,-0.245488169594131,0.00855209981696945,-0.0259142726363619,-0.293825177740296,-0.170754094362627,0.223381751572968
"45",-0.017566762201009,0.294543027965282,-0.0659853981024811,0.0769849490538154,0.134525270883772,0.106795859271537,0.0698979480643646,-0.0969208036293756,0.00577476762468748,0.0891999603145437,0.113009462597692,0.194983354890757,0.0362384543782932,-0.0619242485953983,0.151567602592048,0.0313581712842221,0.152694802427884,-0.114870460471068,0.0276228519334592,0.0675778830006742,0.0337490715086136,-0.20407452087363,-0.0637080383771572,-0.115019494507833,-0.066472399613041,-0.150457443762451,-0.0305207200592568,0.156708285416872,0.144610559360094,0.116302895701083,-0.0862057724137668,-0.0637490803812877,0.173425359224253,-0.156453996366773,-0.0308698901297068,0.03137012871319,0.000136354279794861,-0.143176055170789
"8",-0.0814796759802314,0.329021124584662,-0.0716183516847399,0.139702485850483,0.197103526456317,0.166923672815336,0.00886854100859882,0.0189480972284642,0.127685123826727,0.145916389843469,0.273889469607765,0.0767650851243624,0.0381718049162221,-0.00403131578910364,0.20155665632446,0.0224013007709098,0.16393401497922,-0.0977543538874616,0.164747595185576,0.0275982515368258,0.0385679986712453,-0.167532902909271,-0.0822496387679722,-0.111040818529488,-9.6743065939392e-05,-0.153762054034505,-0.0199775761601411,0.0676956711017521,0.199686301565844,0.242774018542271,-0.0603790009004205,-0.0374991150845968,0.167309926729595,-0.149315371887465,-0.0351896837461501,0.0163892154963597,0.038444842459562,-0.0696022311375552
"1",-0.104600570917657,0.287267888993518,0.00466992354748782,0.21456737965954,0.217381210955606,-0.000703410081621582,0.0518690045802412,0.0150542758794031,0.125926735761217,-0.14877507206618,0.361143705634985,0.0139804812426026,-0.319388033511888,-0.0757544744082423,0.108540829849509,-0.257318723456013,-0.0906341399499396,-0.119740788218713,0.0992205718120287,-0.0660240045834507,-0.0481370956386302,-0.164344554073243,-0.284617881216823,-0.0811694232394909,-0.0490071848281639,-0.148762140126077,-0.047813751345403,-0.0550390270114703,0.265376749035361,-0.094411668515408,-0.129914266869586,-0.0343269202824184,-0.0529417130053479,-0.113595021398589,-0.0214810324083844,-0.168722658875271,-0.049119900523868,0.0797825876467224
"34",-0.0247743552611623,0.0643517869950891,0.0920624708366676,-0.00363769671687497,0.0176586668980522,-0.00913189026442881,-0.0995506610661128,-0.0596389834146775,-0.107486315611096,-0.0876556377033322,-0.140282201597237,0.154522836965524,0.0662660721506721,0.20367321411439,0.150951668000499,-0.0118729400749826,0.0828232970831919,-0.102953428414803,-0.135646314874189,0.455037592569577,0.316562432311127,-0.254156833185225,-0.259011327261048,-0.168164327953139,0.0539724379642247,-0.160436131226031,0.0871161268222539,0.314560413367828,0.0642370127821799,0.31305469474796,-0.123947571137912,-0.00578992096665113,0.0668347448894551,-0.268704706424763,0.0368513284511974,-0.199629371025527,0.133394463570444,0.111502898141475
"9",-0.232319876988561,0.213402391880164,0.107108344439382,0.130850178408448,0.020412569890717,-0.0544243592357216,-0.034253546261704,0.0436243933548215,0.168552674555261,-0.173724774924713,-0.0163953955452186,-0.029965905393481,-0.208810975520828,0.0470285717280204,0.169785716949705,-0.250060906294386,-0.244810314991077,-0.100729402906436,0.0265075865827299,-0.0698955531347119,-0.0290063443429413,-0.199873582095691,-0.265264178784835,-0.130598808312573,0.107221209137558,-0.16667485703056,0.128235988193043,0.109201752779975,0.0186731768076751,0.0262906212730206,-0.168581103882397,0.0239874157067779,-0.0536585574299665,-0.185280418690957,-0.0108657153253788,-0.265730481263022,0.113183966405231,-0.0716165926855224
"18",0.207243621740692,-0.0561099583471624,-0.00839312130858489,-0.163182161746832,-0.0983514747728421,-0.120243183553262,-0.05816585566175,-0.17442616292671,-0.246310809629753,-0.197458199067326,-0.139827899306409,0.267975865276435,0.0975169603638005,-0.0969421228082002,-0.17245950753165,0.133904529706345,-0.0149871648890032,-0.0918238317662713,-0.255526810886959,-0.140435583706764,-0.099730096706725,-0.0633952935829147,0.0555857342113343,0.121903756471639,-0.110398620727302,-0.0514452470605044,-0.0810788782262994,-0.105612916496501,0.0808931281215692,0.030702376194622,-0.108341873195665,0.0847927855130636,-0.171433645501978,0.0770572266784709,-0.0615908574687293,-0.0964988615503826,-0.136171347264022,-0.0230570227293288
"2",-0.30076143468207,-0.0519136545582125,0.0195118488845801,0.0108146784183738,-0.131784103401779,-0.231482554166281,-0.180121106377857,-0.154181329959224,-0.0653748836002406,-0.236339596734484,-0.189936207649258,-0.224682852911247,-0.349178233940379,0.382968043098423,0.147001369826732,-0.400357951820556,-0.219691826057717,-0.125834496290781,-0.153754701782671,0.173852499874205,0.492948787208861,-0.275640956235684,-0.144254732053826,-0.198756382746939,0.0205362839102208,-0.192806290284471,0.0994587607062303,0.248694677114854,-0.173563745898967,-0.0233988984715356,-0.230587060533197,-0.055536205167548,-0.106371205843884,-0.327149192136279,0.0538167532510694,-0.289362189394654,0.152643413944213,-0.0116031301934522
"40",0.0821426974973216,-0.0963528519983662,-0.176370361788894,0.038459845480007,0.123610925694869,0.170028618642416,0.195239732951801,0.117625571701523,0.0103236045218063,0.239633607009509,0.109350509580375,-0.0415833755955925,0.141237931486984,0.0734803423357122,0.0349175972827131,0.182799707314936,0.222020685470501,-0.0503989796922962,0.122035744326537,-0.00749316750159258,0.0179522621068038,0.0554404096320488,0.0394582633667476,0.139739632488547,0.0866677390126163,0.0172406101413668,0.0541810671062784,-0.031109203398976,0.0561558156600135,0.0841236437718365,0.201741623891246,-0.0730791809541951,-0.00545650971490019,0.0902675245848554,-0.0217967584470918,0.248754157362284,0.106160530640113,-0.068635324802601
"33",0.13891482786892,-0.1948602621537,-0.135979561353833,0.116111689300924,0.217941791080524,0.0018793080725355,0.0740435136556913,0.0906017682117433,-0.0572114553696777,-0.0505758406046005,0.11954596624301,-0.0481080207772925,-0.0377530307205284,-0.102803305072079,-0.104127244143179,0.102337876516531,0.0270421785409296,-0.111033081870548,0.0290722672237802,-0.0305624359253528,-0.0899962512962932,0.0194964702746205,-0.0893303766443955,0.15865545112986,-0.0991127713276973,-0.0487631018296332,-0.0629095277394717,-0.0174617627556298,0.187262685135102,-0.0875253715801603,0.11391763537882,-0.0586960473368998,-0.0939702586905943,0.151975805080082,-0.0838680224978998,0.0388805455443261,-0.102811512988485,-0.138744396416042
"17",-0.0429135876302991,-0.173519090316455,-0.0571574571113784,0.0893786969951409,-0.0135301731496522,0.027789946648468,-0.0383589366103897,0.129490681187543,0.059618435812582,0.00535638424244114,-0.152246062476514,-0.133160527592829,-0.0974893354975713,-0.0306642704781055,-0.0383173576857281,-0.0572232839970168,-0.100760006391176,0.304371817831487,0.0963312140678023,-0.139211221838132,-0.103680347013099,0.208860228657162,0.000169502075558582,-0.0397191138406616,0.0521279262404575,0.251295626333626,0.0483363914876051,-0.0627314486695034,-0.0828222057003697,-0.179468279262809,0.130144552439974,-0.0418282020378146,-0.177351758110343,0.11657150744557,-0.055406100647912,0.0068153429686715,0.0308043861550657,0.0139924343111095
